timestamp,symbol,side,price,volume,fee,cumulative_pnl
2026-08-04 15:08:20.939997+00:00,XRP/USD,buy,1.0746474075,23.25181248,0.049975000002616291200,-25.037475001310761891200
2026-08-04 15:08:31.497444+00:00,BTC/USD,buy,64059.904025,0.00039006,0.04997441232798300,-50.074655577630244891200
2026-08-04 15:09:08.185135+00:00,XRP/USD,sell,1.075075431807061094312523336,23.26522826,0.05002375063541868127789248638,-25.11280401055632293353164930
2026-08-04 15:10:49.181447+00:00,XRP/USD,buy,1.074727393709924590130983553,23.25008254,0.04997500122350964707544207404,-50.15027962353465611832812839
2026-08-04 15:10:52.834973+00:00,BTC/USD,buy,63981.842707753169310331325,0.00039053,0.04997365806531769042152738470,-75.18708231425881901951334812
2026-08-04 15:12:13.639553+00:00,XRP/USD,sell,1.074565215730460898958542748,23.27627542,0.05002375183618784873539966433,-50.22523014800108250054891562
2026-08-04 15:12:24.844897+00:00,BTC/USD,sell,64018.14686897088922223268762,0.00039069,0.05002249960047647342046817744,-25.26400284736332226373529507
2026-08-04 15:13:47.459487+00:00,BTC/USD,sell,64011.54342728313434742421134,0.00039074,0.05002374095755322382982507269,-0.3021561095442635726525838027
2026-08-04 15:16:33.063386+00:00,XRP/USD,sell,1.074722144867187688284717961,23.27345848,0.05002500243220607555532313177,24.66032010412656812945365895
2026-08-04 15:18:10.270318+00:00,BTC/USD,buy,63969.55236652135320588350080,0.00039062,0.04997557309082114197856442616,-0.3774420143748240018071185562
2026-08-04 15:18:11.639584+00:00,XRP/USD,buy,1.074054647444082206686819944,23.26522826,0.04997625307300079624954672866,-25.41554480394822292283002962
2026-08-04 15:23:49.013261+00:00,XRP/USD,buy,1.074567526117378175401694179,23.25354268,0.04997500366222493618280764347,-50.45302163872291595041665900
2026-08-04 15:27:11.298414+00:00,XRP/USD,buy,1.073631139601304678411961409,23.27324182,0.04997375427484668433635782290,-75.48987253042110480293192827
2026-08-04 15:28:31.827484+00:00,XRP/USD,buy,1.072594854223084246799724547,23.29514483,0.04997250494607896931698209465,-100.5260975084066684307399577
2026-08-04 15:28:38.328912+00:00,BTC/USD,buy,63874.40224371383472506572672,0.00039119,0.04997405482743683001219692326,-125.5630989769525202668506162
2026-08-04 15:30:18.060668+00:00,XRP/USD,sell,1.072890905517353572344650871,23.31143612,0.05002125561539348670633225481,-100.6024924248711704003908211
2026-08-04 15:31:53.260960+00:00,XRP/USD,sell,1.073247876330616670194855530,23.30426515,0.05002250616336619989046203087,-75.64126184935143665505026769
2026-08-04 15:33:08.342276+00:00,XRP/USD,buy,1.072301890040966316980316666,23.30209299,0.04997375671017470405546630990,-100.6781139611489633868388889
2026-08-04 15:33:16.687023+00:00,BTC/USD,buy,63826.53083557647717348098123,0.00039147,0.04997234405240624703820519946,-125.7142583314044931529796938
2026-08-04 15:34:15.567074+00:00,BTC/USD,sell,63792.75601894618668366808314,0.00039206,0.05002117584957608390239781736,-100.7536915824660272856831829
2026-08-04 15:38:31.314479+00:00,XRP/USD,sell,1.071957321788699897054800126,23.33232227,0.05002250738332007768479684078,-75.79246039818930852096955935
2026-08-04 15:38:33.093334+00:00,BTC/USD,sell,63810.05790189147918685617147,0.00039196,0.05002198059045076836416028992,-50.83149208355437510725357467
2026-08-04 15:39:27.209882+00:00,XRP/USD,buy,1.072511805975749307247191932,23.29753279,0.04997375793476427486082247734,-75.86834480887127681252563582
2026-08-04 15:41:54.834242+00:00,XRP/USD,sell,1.073187901617009069504996478,23.30556863,0.05002250858804178568936227109,-50.90711302343842575353386254
2026-08-04 15:42:13.231688+00:00,BTC/USD,sell,63927.60820182894660602411503,0.00039125,0.05002335341793115071921387003,-25.94545966789078154464614140
2026-08-04 15:42:14.323091+00:00,XRP/USD,sell,1.074065135220203138541942643,23.28711617,0.05002375915603925803644964549,-0.9836038490271917844577682955
2026-08-04 15:44:03.389435+00:00,XRP/USD,sell,1.074512196930485615783766466,23.27800926,0.05002500974026157548102263591,23.97887601136333438057252701
2026-08-04 15:44:39.232556+00:00,XRP/USD,sell,1.075119364355759234171948958,23.26544477,0.05002626038515284618808995033,48.94197994355460462842941223
2026-08-04 15:44:39.377970+00:00,BTC/USD,sell,63998.34093757410175402168331,0.00039083,0.05002494317726417237704858897,73.90442658900942664457665813
2026-08-04 15:45:03.882389+00:00,XRP/USD,sell,1.076311883346918981140184150,23.24024839,0.05002751102818220332580721011,98.86815459207234610415445598
2026-08-04 15:45:27.058656+00:00,BTC/USD,buy,64033.02843458057243195011017,0.00039024,0.04997649803262144517168842197,73.82992907772900207313855657
2026-08-04 15:46:03.276849+00:00,BTC/USD,sell,64077.18189847507671129977845,0.00039035,0.05002505590813949238851173704,98.79243197589060877500591335
2026-08-04 15:46:08.460580+00:00,XRP/USD,sell,1.075903540917038527063127543,23.24965009,0.05002876171382628694653342143,123.7567840710899259613260907
2026-08-04 15:46:24.420350+00:00,XRP/USD,sell,1.076770942714530449988216535,23.23150192,0.05003001244614564832159943282,148.7217602817166044738042077
2026-08-04 15:46:37.835391+00:00,BTC/USD,sell,64123.60735666285824893748400,0.00039008,0.05002667351537409549149106752,173.6850703658882781240582504
2026-08-04 15:46:59.548377+00:00,XRP/USD,buy,1.077516064336592107683405905,23.19281579,0.04998126318184873861973815359,148.6444575117820600755694354
2026-08-04 15:47:01.132625+00:00,BTC/USD,buy,64111.69774883992186447453498,0.00038977,0.04997763286313067269023247901,123.6056634473535930577629634
2026-08-04 15:48:22.897536+00:00,XRP/USD,sell,1.078722139477326032359201636,23.18948125,0.05003001365473867365506119921,148.5706402610681912116385018
2026-08-04 15:49:20.935916+00:00,BTC/USD,buy,64110.79462003798964140737584,0.00038976,0.04997564662221201368526987762,123.5328413033399723553182931
2026-08-04 15:49:26.071973+00:00,XRP/USD,buy,1.078255813324383811052566613,23.17690468,0.04998126441215023501700093372,98.49222783285270461180082531
2026-08-04 15:50:13.653209+00:00,XRP/USD,buy,1.077389192679126836098859251,23.19496762,0.04998001487666057602637217489,73.45224037964575602258836569
2026-08-04 15:51:13.069820+00:00,XRP/USD,sell,1.077629611950219880383891084,23.21241214,0.05002876537371354605418476252,98.41659430112881550362656219
2026-08-04 15:52:54.077351+00:00,XRP/USD,buy,1.077194296888486522138398730,23.19916483,0.04998001609490390991264431242,73.37660623758195663739176167
2026-08-04 16:01:30.697291+00:00,XRP/USD,buy,1.075707987046500782498904516,23.23063842,0.04997876658516660680895822971,48.33724417841348662610368858
2026-08-04 16:01:32.529961+00:00,BTC/USD,buy,64041.62565664745020577500174,0.00039018,0.04997552299742140424257858037,23.29950715670536310057181982
2026-08-04 16:01:58.740267+00:00,BTC/USD,sell,64055.87534458356702909416040,0.00039047,0.05002379529159909083570079362,48.26138100721330942758651584
2026-08-04 16:05:31.958176+00:00,BTC/USD,buy,63968.06398702467533712018638,0.00039062,0.04997441030922315736037177442,23.22420144229250759004025687
2026-08-04 16:06:47.241355+00:00,XRP/USD,buy,1.074446649673830379613664985,23.25732838,0.04997751711651018606219012818,-1.814534633079095627116997348
2026-08-04 16:06:48.618489+00:00,BTC/USD,buy,63952.77199397068386778607677,0.00039071,0.04997397509152857178796539609,-26.85149615393491009288766080
2026-08-04 16:10:13.502935+00:00,BTC/USD,sell,63985.54619059568253488818561,0.00039089,0.05002262030088389269212488574,-1.890208623793847639517342816
2026-08-04 16:10:19.514971+00:00,XRP/USD,sell,1.074924419055955268068286290,23.26966752,0.05002626768112246272788298925,23.07289894908626126169626881
2026-08-04 16:14:12.864469+00:00,BTC/USD,buy,63953.77302554143484877807951,0.00039070,0.04997347824215807719083519132,-1.963813650234935410912162041
2026-08-04 16:14:15.764538+00:00,XRP/USD,buy,1.074666576956267260203554172,23.25256941,0.04997751834656542200478734823,-27.00255034186421183531062350
2026-08-04 16:21:01.625761+00:00,XRP/USD,sell,1.075834923337217188822500661,23.24997443,0.05002626891698261981495924435,-2.039442152289884547645960564
2026-08-04 16:23:38.030482+00:00,BTC/USD,sell,64018.86275604708898939187082,0.00039069,0.05002305898032007439453102001,22.92206427888983257522501843
2026-08-04 16:25:02.280306+00:00,BTC/USD,buy,64017.34123967323380421685085,0.00039031,0.04997321691851371977224775811,-2.114517397285541030671108388
2026-08-04 16:25:05.898420+00:00,XRP/USD,buy,1.075391277197018764269187631,23.23690020,0.04997751956835532152570087783,-27.15325470103155711504724819
2026-08-04 16:27:02.276544+00:00,BTC/USD,sell,64037.47272621791211904245733,0.00039057,0.05002223144535785987266882513,-2.192161209797985038585504455
2026-08-04 16:28:18.942071+00:00,XRP/USD,buy,1.075524316479486021386172547,23.23344501,0.04997627012768795054187864769,-27.23027254376964826006670695
2026-08-04 16:32:10.427736+00:00,XRP/USD,sell,1.075632992982069209908249523,23.25375897,0.05002502071796947787812954044,-2.267787205502878798880066270
2026-08-04 16:38:11.856404+00:00,XRP/USD,buy,1.074764703383731222396474592,23.24986631,0.04997627133675711109938182416,-27.30589914521819145967036017
2026-08-04 16:38:14.521549+00:00,BTC/USD,buy,63929.68882510729758447148922,0.00039085,0.04997383775458637452178136311,-52.34279186026596509508282309
2026-08-04 16:38:50.227819+00:00,XRP/USD,buy,1.073958223923933208889062600,23.26674391,0.04997502193215317858233271023,-77.38027784827470756483151091
2026-08-04 16:38:50.855392+00:00,BTC/USD,buy,63887.21306254447224188606118,0.00039110,0.04997257805752228618760327707,-102.4165394550933729448207527
2026-08-04 16:39:28.939150+00:00,BTC/USD,sell,63912.12232280975568781276466,0.00039133,0.05002146165717028338662353838,-77.45583008816540153489560705
2026-08-04 16:39:38.072573+00:00,XRP/USD,sell,1.074330549038758118467792297,23.28136932,0.05002377256785939750039396998,-52.49396757680356218219901603
2026-08-04 16:41:36.068270+00:00,XRP/USD,buy,1.073838310059516527668754062,23.26934264,0.04997502315346689775013455738,-77.53145417669047795501642928
2026-08-04 16:43:10.271258+00:00,XRP/USD,buy,1.073051862740307433605047499,23.28581475,0.04997377378582645251395012145,-102.5683148433895306645054401
2026-08-04 16:43:11.573681+00:00,BTC/USD,buy,63863.52765179560066677668765,0.00039124,0.04997193311697702160973942255,-127.6042533349950184909848908
2026-08-04 16:43:52.025636+00:00,XRP/USD,sell,1.073443356373626364880731402,23.30002982,0.05002252442717276272651848482,-102.6430136458358098904521669
2026-08-04 16:50:54.427818+00:00,BTC/USD,buy,63927.69327074819090649330939,0.00039084,0.04997099927587844586778769009,-127.6784842830509112702137996
2026-08-04 16:51:20.946962+00:00,XRP/USD,buy,1.073441684355009171091711701,23.27735904,0.04997377499046779859598912406,-152.7153455532752783668043507
2026-08-04 16:54:45.234909+00:00,XRP/USD,buy,1.072795188994788082924786143,23.29080432,0.04997252564463005347853825467,-177.7515809012349351595520163
2026-08-04 16:57:22.014414+00:00,XRP/USD,sell,1.073271511564776169730570484,23.30317902,0.05002127634211995881892277831,-152.7909640065170757089095499
2026-08-04 17:02:04.224510+00:00,XRP/USD,sell,1.074869050696388707952873636,23.26912606,0.05002252687729359926423188235,-127.8297230947475696760578406
2026-08-04 17:02:04.755712+00:00,BTC/USD,sell,63974.65337128616826800398704,0.00039094,0.05002050197794122924538695739,-102.8694926077548962826097489
2026-08-04 17:02:49.738737+00:00,BTC/USD,sell,64017.27019372525549743274772,0.00039069,0.05002181458397304014058400040,-77.90860713035234925245833269
2026-08-04 17:04:10.384403+00:00,XRP/USD,sell,1.075946421748825107122254880,23.24640727,0.05002377744134474816833062924,-52.94674218712131991646134870
2026-08-04 17:06:12.539472+00:00,BTC/USD,sell,64033.37717362564823942940024,0.00039060,0.05002287424803635640464224748,-27.98532793735117807054486722
2026-08-04 17:06:15.028531+00:00,XRP/USD,sell,1.076073370465433330591502016,23.24424589,0.05002502803755919216334106401,-3.022838946609141181037676284
2026-08-04 17:08:35.948143+00:00,XRP/USD,sell,1.077060776849906285609175696,23.22351706,0.05002627865166130336649184854,21.94027410056984919884175614
2026-08-04 17:08:40.053512+00:00,BTC/USD,sell,64104.01082227996435978404309,0.00039018,0.05002420588527439298780107587,46.90235283732177129975449299
2026-08-04 17:09:55.382826+00:00,BTC/USD,buy,64077.32200140512634567155322,0.00038996,0.04997518497533588613951615777,21.86478516467849234385689794
2026-08-04 17:10:03.366547+00:00,XRP/USD,buy,1.076366048827451553483112366,23.21586108,0.04997752932161322431218825363,-3.173957025449733036549417134
2026-08-04 17:11:08.390806+00:00,XRP/USD,buy,1.075454559522432200221172768,23.23495653,0.04997627988098801946402241130,-28.21207324582473078802464519
2026-08-04 17:20:58.509705+00:00,BTC/USD,sell,64028.67659298461800576606927,0.00039064,0.05002432444856702235554491458,-3.249935345989786632607732805
2026-08-04 17:21:26.071015+00:00,XRP/USD,buy,1.074787992768445724948237741,23.24878525,0.04997503046630429527120429321,-28.28742560960823856348108371
2026-08-04 17:22:13.640680+00:00,XRP/USD,sell,1.075346215013919870482259885,23.25938400,0.05002378109591065522555429571,-3.325558842748821605929490156
2026-08-04 17:23:57.717967+00:00,XRP/USD,sell,1.075933379024193134767879859,23.24727193,0.05002503168147835170557608102,21.63693196630887589515297427
2026-08-04 17:24:26.636677+00:00,XRP/USD,buy,1.075269699732475390154211161,23.23895220,0.04997628230838269675894012760,-3.401185470190855181076029658
2026-08-04 17:24:29.739554+00:00,BTC/USD,buy,64023.45050280244740168621208,0.00039029,0.04997542499347753439280822344,-28.43887339192309991187294959
2026-08-04 17:26:02.303338+00:00,BTC/USD,sell,64017.27273756059158455563327,0.00039071,0.05002437726258459747600346293,-3.476709137893385771347221583
2026-08-04 17:26:20.986917+00:00,XRP/USD,sell,1.075052964657465496430757602,23.26631085,0.05002503291186931202621514374,21.48578228512940092973413515
2026-08-04 17:29:40.378850+00:00,XRP/USD,sell,1.076050350882100389228946322,23.24532653,0.05002628353795099415973390437,46.44889777056694701544135343
2026-08-04 17:29:40.953585+00:00,BTC/USD,sell,64105.51652900502784399422023,0.00039018,0.05002538087857436352833932971,71.41156282897555441608267895
2026-08-04 17:30:13.896422+00:00,XRP/USD,buy,1.075631484071654701871149477,23.23171780,0.04997753418949575402582735322,46.37281820003818164914317499
2026-08-04 17:30:18.159933+00:00,BTC/USD,buy,64087.72451723488989105944031,0.00038991,0.04997688933303011183484597273,21.33439664419009561988534265
2026-08-04 17:35:02.311412+00:00,XRP/USD,sell,1.076000350811946453592456594,23.24640727,0.05002628475527476488328480117,46.29751273707220329664445843
2026-08-04 17:37:04.518163+00:00,XRP/USD,buy,1.075481577696039549880304238,23.23495653,0.04997753541316659298925927135,21.25876749507574020902556349
2026-08-04 17:38:57.969786+00:00,BTC/USD,buy,64060.73499196074790450826337,0.00039006,0.04997506058192841865526498640,-3.778737856470397537262194706
2026-08-04 17:48:06.091615+00:00,BTC/USD,buy,63989.66992504878065624881924,0.00039048,0.04997337262466609574130407788,-28.81539754142811150365553773
2026-08-04 17:49:28.845649+00:00,XRP/USD,buy,1.074770015538816357911775645,23.24975820,0.04997628596377544607130688136,-53.85351680927960998538028529
2026-08-04 17:50:18.822951+00:00,XRP/USD,buy,1.073763635571814970660148467,23.27096714,0.04997503655903728258478475817,-78.89101012535728856035744913
2026-08-04 17:51:55.483507+00:00,XRP/USD,buy,1.072032685337880666434044117,23.30795874,0.04997378719557345106457680642,-103.9278775103395875437104291
2026-08-04 17:52:07.898252+00:00,BTC/USD,buy,63864.93789271379989055625586,0.00039124,0.04997303660229069413836245908,-128.9643688480872253070300211
2026-08-04 17:53:05.034946+00:00,XRP/USD,sell,1.072628276680169207087606648,23.31774154,0.05002253784824758962867109591,-104.0031224618116780823231442
2026-08-04 17:55:03.478163+00:00,XRP/USD,buy,1.072742339278083173556167827,23.29254033,0.04997378840266659081030285726,-129.0399904515476400782848757
2026-08-04 17:57:02.277886+00:00,XRP/USD,buy,1.072180814551658549070498344,23.30415653,0.04997253906154950519730315883,-154.0762325213839421821337583
2026-08-04 17:58:24.009394+00:00,XRP/USD,sell,1.072901641647940485944238312,23.31121876,0.05002128975283653514261368891,-129.1156089347185111459695275
2026-08-04 18:01:54.874079+00:00,BTC/USD,sell,63989.56781338083600891391588,0.00039085,0.05002064515971979950816800806,-104.1553070000183311913936915
2026-08-04 18:03:16.127245+00:00,XRP/USD,sell,1.073958928518731168003287789,23.28885163,0.05002254028597301169497034534,-79.19405939731779835560348918
2026-08-04 18:03:48.614591+00:00,XRP/USD,sell,1.074486015400372395367984938,23.27800926,0.05002379083246074245364866899,-54.23218777191988787123280336
2026-08-04 18:05:24.448031+00:00,XRP/USD,sell,1.075503373371208983601149169,23.25657114,0.05002504142823500670985443807,-29.26969209923061952301543877
2026-08-04 18:05:25.253790+00:00,BTC/USD,sell,64055.49650204417823743797712,0.00039046,0.05002221832837633966918006508,-4.308605153370826028094586285
2026-08-04 18:06:11.239542+00:00,XRP/USD,buy,1.076004561009499340230879510,23.22308560,0.04997629205262805118265047725,-29.34672747173747967060247538
2026-08-04 18:07:01.793361+00:00,XRP/USD,sell,1.076213755178859800724628280,23.24122063,0.05002504265830537148095783946,-4.384231185243099301604513489
2026-08-04 18:07:15.029202+00:00,BTC/USD,sell,64107.02160952655358741233259,0.00039016,0.05002399110234576029532959137,20.57774037482743508576495260
2026-08-04 18:07:29.275553+00:00,BTC/USD,buy,64081.82911287611616959953950,0.00038993,0.04997485525196756795602389687,-4.459662106408316460203019737
2026-08-04 18:07:29.327359+00:00,XRP/USD,buy,1.076034573025847687682225970,23.22243845,0.04997629328432955637255063149,-29.49778504185742420285088612
2026-08-04 18:10:40.453415+00:00,XRP/USD,buy,1.074888231178727786223981253,23.24662343,0.04997504387910133974565286765,-54.53528202528719541542297281
2026-08-04 18:10:59.764739+00:00,XRP/USD,sell,1.075291477023914120192303415,23.26057426,0.05002379450491967637719127813,-29.57340856733227690320452502
2026-08-04 18:14:31.076540+00:00,XRP/USD,sell,1.076503952879557971408375784,23.23495653,0.05002504509905939558257718844,-4.610911062901638507498507988
2026-08-04 18:14:40.173538+00:00,BTC/USD,sell,64132.13512067851377893469602,0.00039001,0.05002434803683165431784464157,20.35123860747735699710596816
2026-08-04 18:15:04.164287+00:00,XRP/USD,sell,1.077496372985770892625052409,23.21413648,0.05002629571839334119881878418,45.31436017095563425531654147
2026-08-04 18:15:11.713716+00:00,BTC/USD,sell,64165.85451114069072782498552,0.00038981,0.05002498349397550530522691520,70.27682693444941140262477216
2026-08-04 18:15:26.779468+00:00,BTC/USD,sell,64233.69345070891807804928042,0.00038941,0.05002648513328111957754634056,95.24004301595669007182039611
2026-08-04 18:16:02.975125+00:00,XRP/USD,buy,1.077266012155677272952046829,23.19647414,0.04997754638574018703243575146,70.20129227670085636857008463
2026-08-04 18:16:43.175090+00:00,XRP/USD,buy,1.076604381534252063288715594,23.21014933,0.04997629692948456979758339968,45.16316751502908689998080139
2026-08-04 18:16:44.175713+00:00,BTC/USD,buy,64179.29566465412968854377143,0.00038936,0.04997770111997946387106280570,20.12433925391937550057833574
2026-08-04 18:17:15.005543+00:00,XRP/USD,sell,1.076954230759285984975610919,23.22524305,0.05002504752622040609103442383,45.08683796950335814000451324
2026-08-04 18:17:15.042343+00:00,BTC/USD,sell,64197.27588397104278328065917,0.00038963,0.05002636920534327479929928645,70.04999620296965226485485718
2026-08-04 18:19:05.191287+00:00,XRP/USD,sell,1.077861617462617050689911130,23.20627126,0.05002629815115968837562249566,95.01311898039833676429048251
2026-08-04 18:19:05.395490+00:00,BTC/USD,sell,64230.59827388189647486036699,0.00038944,0.05002792838356113152633924265,119.9770552437953413959337646
2026-08-04 18:20:30.228090+00:00,BTC/USD,sell,64295.34037513662926098195508,0.00038905,0.05002820434589381122797005926,144.9411292123963531986908241
2026-08-04 18:20:33.884767+00:00,XRP/USD,sell,1.078849092940289464520357462,23.18561008,0.05002754880815046449340200467,169.9048760676634349808984244
2026-08-04 18:21:10.329724+00:00,XRP/USD,buy,1.078357571722045968549984867,23.17357471,0.04997879950479003121249476937,144.8654975157636293434385449
2026-08-04 18:22:45.045898+00:00,XRP/USD,buy,1.078235655437688883570968457,23.17561554,0.04997755002388757598354517453,119.8267449537959537756824124
2026-08-04 18:23:44.292792+00:00,BTC/USD,sell,64300.64996252939441400436287,0.00038903,0.05002976370984562061776023456,144.7915970450089184639447695
2026-08-04 18:25:40.664762+00:00,XRP/USD,buy,1.078403607118626608715786845,23.17142685,0.04997630059425079147264285464,119.7534704472892719361506993
2026-08-04 18:26:36.893483+00:00,BTC/USD,buy,64302.47127646853892318839321,0.00038864,0.04998102487377346593421587427,94.71297698552876550310854629
2026-08-04 18:27:05.638368+00:00,BTC/USD,sell,64344.87807902709043546727197,0.00038876,0.05002942960400514335538451329,119.6776623579273320374454184
2026-08-04 18:28:25.460093+00:00,BTC/USD,buy,64314.86819205349842928781358,0.00038857,0.04998165666677245576933673146,94.63685236787433169700771595
2026-08-04 18:31:10.532818+00:00,BTC/USD,buy,64287.27068985494656296986275,0.00038872,0.04997949572512082965591529010,69.59712500958879603939415561
2026-08-04 18:33:27.691561+00:00,BTC/USD,buy,64298.25817956601025086011549,0.00038865,0.04997903608297665976799356778,44.55762793201748949562937815
2026-08-04 18:34:53.277713+00:00,BTC/USD,buy,64275.36028444034465746613838,0.00038878,0.04997794914276943439185937057,19.51867541149000286530783350
2026-08-04 18:38:01.118380+00:00,BTC/USD,buy,64259.85997931692351198465375,0.00038886,0.04997617830311435775374070491,-5.519389918370290369316259665
2026-08-04 18:40:45.889731+00:00,BTC/USD,buy,64175.79467387534820987252266,0.00038936,0.04997497482844021115799193084,-30.55685230741883615947021701
2026-08-04 18:41:57.325350+00:00,BTC/USD,sell,64207.68352491063483968752455,0.00038955,0.05002420623425787560360055038,-5.594773396524156233273542370
2026-08-04 18:42:37.661832+00:00,BTC/USD,buy,64186.19106252446403287330682,0.00038930,0.04997536836128154769599515667,-30.63243294552621162896711588
2026-08-04 18:48:07.793864+00:00,BTC/USD,sell,64269.91468642466049771882074,0.00038917,0.05002384539703177025179446694,-5.670534092407358273321676877
2026-08-04 19:05:00.629771+00:00,XRP/USD,buy,1.075752956841131269403213438,23.22794042,0.04997505117628925706219362139,-30.70803473172827606148068119
2026-08-04 19:12:25.973444+00:00,XRP/USD,sell,1.076527222107257040256663044,23.23387685,0.05002380180822521512923760311,-5.746157629423893711991117233
2026-08-04 19:12:58.292802+00:00,XRP/USD,buy,1.076287716136781789937449321,23.21640007,0.04997505241651624175495704742,-30.78365889009853083122459799
2026-08-04 19:13:39.041853+00:00,XRP/USD,sell,1.076297138840859903923656527,23.23884419,0.05002380302333108102580044737,-5.821781181456321399350174747
2026-08-04 19:14:16.422959+00:00,XRP/USD,sell,1.076899334386009740741090943,23.22642982,0.05002505362664273606631868716,19.14072057823840389774285014
2026-08-04 19:15:05.090158+00:00,BTC/USD,sell,64319.34537459608067674587087,0.00038888,0.05002501405854584770714586851,44.10320259345278190360863853
2026-08-04 19:15:39.186155+00:00,XRP/USD,buy,1.076834430063112704638812436,23.20519425,0.04997630424940514014157303733,19.06507416450080669268054682
2026-08-04 19:22:54.668245+00:00,XRP/USD,buy,1.075758033050653337048060041,23.22783252,0.04997505484749040077906289965,-5.972428314091884097629965900
2026-08-04 19:23:45.872402+00:00,BTC/USD,buy,64225.48100185761910416064647,0.00038907,0.04997641578678548772971156543,-31.01061262327141345021546019
2026-08-04 19:25:16.071096+00:00,XRP/USD,sell,1.075962031787434279781027248,23.24608304,0.05002380547763563379266470485,-6.048733689931232187675772475
2026-08-04 19:30:08.995869+00:00,XRP/USD,sell,1.076224048601726289279124601,23.24100457,0.05002505606379324559805055371,18.91376928590159736575145383
2026-08-04 19:30:55.725191+00:00,XRP/USD,sell,1.077041369848619522314295977,23.22394854,0.05002630669763089475253318295,43.87689632801941384726551213
2026-08-04 19:32:11.383723+00:00,XRP/USD,sell,1.077148339974624449221053810,23.22222274,0.05002755734982394981532226215,68.84064744558156480511132094
2026-08-04 19:32:47.801024+00:00,XRP/USD,sell,1.078976305772387051879733362,23.18345999,0.05002880803006428252809570538,93.80502265258364178663107792
2026-08-04 19:33:31.987417+00:00,XRP/USD,sell,1.079378505620692944334298469,23.17540070,0.05003005874945352239322032354,118.7700219685609494608480194
2026-08-04 19:34:11.165710+00:00,XRP/USD,buy,1.079421350761527155071234757,23.15189961,0.04998130949944294748899625899,93.72938590934003276886089365
2026-08-04 19:35:03.866938+00:00,XRP/USD,buy,1.078529710190212421020769486,23.17046044,0.04998005996665396355291672759,68.68937586604639702884961313
2026-08-04 19:37:14.596233+00:00,XRP/USD,sell,1.079381591705571742220918923,23.17475620,0.05002881046908913461515808516,93.65375229012187520181349762
2026-08-04 19:38:32.507499+00:00,XRP/USD,buy,1.078864602900124757754602528,23.16326862,0.04998006120317044159076457279,68.61374162733348396484044665
2026-08-04 19:38:38.399076+00:00,BTC/USD,sell,64249.01172836557361417689242,0.00038931,0.05002556551194000292747041196,93.57649881779154542564818223
2026-08-04 19:39:59.763979+00:00,XRP/USD,buy,1.079267449065590928893368204,23.15404385,0.04997881168308466778751855874,68.53711416456612686410138430
2026-08-04 19:40:03.098803+00:00,BTC/USD,buy,64257.36745532520910703233132,0.00038888,0.04997681011205373463508546599,43.49873229842720581192356583
2026-08-04 19:43:08.179918+00:00,BTC/USD,sell,64334.85626713479697189220294,0.00038879,0.05002549753619867542940393917,68.46145556899034485119613147
2026-08-04 19:44:42.385264+00:00,BTC/USD,buy,64318.34009822804456951599811,0.00038851,0.04997663662312515519140532084,43.42316062080464210030206572
2026-08-04 19:47:04.159757+00:00,XRP/USD,buy,1.079100530205150130974807873,23.15704646,0.04997756222594258982851742201,18.38440194560740459621483730
2026-08-04 19:58:10.578271+00:00,XRP/USD,sell,1.079963037703321250051088115,23.16112267,0.05002631279062491707770199120,43.34753202812923821798813091
2026-08-04 19:58:19.268165+00:00,XRP/USD,sell,1.080615381322264452939861048,23.14771949,0.05002756344685432569650041876,68.31128618810954674054183987
2026-08-04 19:59:38.456423+00:00,XRP/USD,buy,1.079857251710161054685355176,23.14139857,0.04997881412105930217073074014,43.27190031345883635300573906
2026-08-04 19:59:52.414151+00:00,BTC/USD,buy,64228.57615116573974034080530,0.00038904,0.04997497053169903877716437379,18.23444007707761792564638780
2026-08-04 20:00:37.809351+00:00,XRP/USD,sell,1.079224641349884246737937269,23.17754930,0.05002756466132352135612381047,43.19819484307805508235216922
2026-08-04 20:01:26.621215+00:00,BTC/USD,buy,64138.31692755568167677775759,0.00038958,0.04997401101727428493527815761,18.16121532342363832977781226
2026-08-04 20:01:42.198631+00:00,XRP/USD,buy,1.078607807659442996311062478,23.16820581,0.04997881535225373945699553254,-6.878171168055485138176949543
2026-08-04 20:02:19.102449+00:00,XRP/USD,buy,1.078230999503108999994388449,23.17572297,0.04997756588430052367516735650,-31.91693167609004749943579515
2026-08-04 20:11:31.616561+00:00,XRP/USD,buy,1.078289003466062140578944315,23.17389692,0.04997631643258409352818200936,-56.95506620881467835705498184
2026-08-04 20:15:05.413990+00:00,XRP/USD,buy,1.077247552380267806757466146,23.19572085,0.04997506702271689018757585675,-81.99257478719584034103048608
2026-08-04 20:15:34.326849+00:00,BTC/USD,buy,64087.14069783077883141176671,0.00038988,0.04997258883054052810158163920,-107.0288417912966449199228873
2026-08-04 20:16:04.209536+00:00,XRP/USD,buy,1.075666435462441429349706601,23.22923539,0.04997381766095859093290477852,-132.0657244394368989773081814
2026-08-04 20:17:04.397211+00:00,BTC/USD,buy,64009.78203332494919232428033,0.00039034,0.04997115663777612133546371918,-157.1012739149627357663755047
2026-08-04 20:17:04.735591+00:00,XRP/USD,buy,1.074720048544684308709731364,23.24910956,0.04997256830988776809761081344,-182.1375306382165075832785222
2026-08-04 20:18:18.253836+00:00,BTC/USD,sell,64005.10144066330191338046800,0.00039075,0.05001998677587837044530683574,-157.1775572370532007310704111
2026-08-04 20:18:33.601326+00:00,XRP/USD,buy,1.073978590681858975543078031,23.26457875,0.04997131899746424866583252574,-182.2131880547827893126525065
2026-08-04 20:19:31.231161+00:00,BTC/USD,buy,63985.09777624637035292270457,0.00039049,0.04997108166129289031822557380,-207.2486999670905273620835190
2026-08-04 20:20:02.390724+00:00,XRP/USD,sell,1.074060948871671901922580939,23.28548941,0.05002006970129173504242563419,-182.2886851861459515759131275
2026-08-04 20:20:06.576970+00:00,BTC/USD,sell,63997.80007813873476120581429,0.00039080,0.05002068054107323508935846446,-157.3283655961504072663232538
2026-08-04 20:21:40.195497+00:00,XRP/USD,sell,1.074868132990703935838443948,23.26858462,0.05002132021567121640884776731,-132.3677268085304702783082180
2026-08-04 20:26:23.218743+00:00,XRP/USD,buy,1.075004944620699382211300210,23.24294925,0.04997257074263595248048720712,-157.4039847505910824710323088
2026-08-04 20:31:21.826050+00:00,BTC/USD,sell,64136.85857128373381773541467,0.00038996,0.05002161873691560967912820459,-132.4431970008701932411473347
2026-08-04 20:31:26.128833+00:00,XRP/USD,sell,1.076343788161386717591482048,23.23668422,0.05002132143532943510795117462,-107.4825576046408051222796986
2026-08-04 20:32:42.799198+00:00,XRP/USD,buy,1.075784542961343025289872387,23.22610614,0.04997257195718308604466256066,-132.5188161551895312306556415
2026-08-04 20:36:28.535628+00:00,BTC/USD,sell,64171.07670490352446118527931,0.00038976,0.05002263771300639538798314892,-107.5575199363993399320520501
2026-08-04 20:36:28.644520+00:00,XRP/USD,sell,1.076218761079177877200217950,23.23938425,0.05002132265155591872471035825,-82.59687993327293648842158134
2026-08-04 20:39:49.310105+00:00,XRP/USD,sell,1.076840935169084128451817981,23.22653771,0.05002257317675279547129726851,-57.63561591807329154824424436
2026-08-04 20:40:04.815773+00:00,BTC/USD,sell,64227.40702129049909326217298,0.00038943,0.05002415823260231812377817606,-32.67356096000473480447893452
2026-08-04 20:40:09.115588+00:00,XRP/USD,sell,1.077593201636797129266453074,23.21090355,0.05002382373865480059664104910,-7.711672914415989306755051019
2026-08-04 20:40:55.220680+00:00,BTC/USD,sell,64311.40397545503160274781264,0.00038893,0.05002526869634745088251341355,17.25093616506138868361914234
2026-08-04 20:40:57.545764+00:00,XRP/USD,sell,1.078780723191590583141831276,23.18593263,0.05002507434092579568653782740,42.21344826118336073120151821
2026-08-04 20:41:51.108329+00:00,XRP/USD,buy,1.078564057336665640333338037,23.16799110,0.04997632496231151851783715335,17.17530945506528995376510439
2026-08-04 20:45:44.857298+00:00,BTC/USD,buy,64314.55135561140378809102778,0.00038853,0.04997626527639139742757401406,-7.862799448406800157449476644
2026-08-04 20:56:15.842195+00:00,XRP/USD,buy,1.076947885832373626388105740,23.20217915,0.04997507556459295949838399362,-32.90031230626787286613985744
2026-08-04 21:01:03.206305+00:00,BTC/USD,buy,64265.76704454023199756700064,0.00038882,0.04997563108451626601058800239,-57.93810347961052213744444663
2026-08-04 21:01:14.486489+00:00,XRP/USD,buy,1.076751051126197847420155119,23.20584045,0.04997382619360868012473112761,-82.97499040260847087993474157
2026-08-04 21:01:55.367710+00:00,XRP/USD,sell,1.077291217066155379286350074,23.21683127,0.05002257683055574773698808536,-58.01372456416115275917768698
2026-08-04 21:01:57.785393+00:00,BTC/USD,sell,64277.13381096584851186451526,0.00038913,0.05002432215972228126284367764,-33.05158780645973440901869184
2026-08-04 21:13:12.503704+00:00,XRP/USD,buy,1.076571171607441124208907551,23.20971837,0.04997382739653929737848986661,-58.08847533212592239564211501
2026-08-04 21:13:43.693818+00:00,BTC/USD,buy,64204.59914562486133646600510,0.00038919,0.04997557588297147956707840905,-83.12623884949463365874839794
2026-08-04 21:13:44.376785+00:00,XRP/USD,buy,1.076934043437006442679396825,23.20131783,0.04997257804745802412072472506,-108.1625004512711037432314852
2026-08-04 21:15:04.478816+00:00,BTC/USD,sell,64185.19162670693571356456526,0.00038968,0.05002337094619031741772367957,-83.20083834912213535178736909
2026-08-04 21:15:23.177502+00:00,XRP/USD,sell,1.076694094804344891348656115,23.22912747,0.05002132874881278438196246622,-58.24019530346455594518809845
2026-08-04 21:20:40.160272+00:00,BTC/USD,sell,64188.39704435315978816643138,0.00038967,0.05002458535254619154930962665,-33.27792721254400636208259476
2026-08-04 21:44:11.093767+00:00,BTC/USD,buy,64192.41392661839678658567071,0.00038927,0.04997636193842948663422840807,-58.31608454369717916583102721
2026-08-04 22:01:06.969482+00:00,XRP/USD,buy,1.074975144594410391095451576,23.24359755,0.04997257927441106622032156014,-83.35234676017712334221212884
2026-08-04 22:02:24.788029+00:00,XRP/USD,sell,1.074978389419586844073244063,23.26620258,0.05002132995471647226822193746,-58.39170311277360368036938205
2026-08-04 22:02:37.760209+00:00,XRP/USD,buy,1.074620365490155460596061016,23.25127184,0.04997258048562351891635884623,-83.42796593607098665746516402
2026-08-04 22:02:49.735823+00:00,BTC/USD,buy,64096.15636040612007924061246,0.00038984,0.04997449119108144370338232072,-108.4651860228027899528597067
2026-08-04 22:04:30.821178+00:00,XRP/USD,sell,1.074393166035909690639847277,23.27887628,0.05002133117645487945131615760,-83.50454176575180510665294406
2026-08-04 22:04:33.480522+00:00,BTC/USD,sell,64146.47631601696062061219518,0.00038992,0.05002398809028266657037821430,-58.54257170870075448803421513
2026-08-04 22:20:17.684890+00:00,XRP/USD,sell,1.075700603956942026249697538,23.25116372,0.05002258171261147776576051011,-33.58130343410762708291972058
2026-08-04 22:20:34.637198+00:00,BTC/USD,sell,64190.30113117147997717596522,0.00038966,0.05002478547754455777581277320,-8.618935480812892752789146743
2026-08-04 22:21:09.095160+00:00,XRP/USD,buy,1.075451862788500175678301905,23.23387685,0.04997383227626222135582606336,-33.65582545122026565205800448
2026-08-04 22:21:11.100965+00:00,BTC/USD,buy,64169.52792248036934240474167,0.00038941,0.04997651173658616125125166089,-58.69405783124993243893508659
2026-08-04 22:27:02.348403+00:00,XRP/USD,sell,1.075620594032311910767694655,23.25289382,0.05002258292727734902040503700,-33.73278895053853527775297313
2026-08-04 22:30:27.425859+00:00,BTC/USD,sell,64232.12362770303772004323052,0.00038941,0.05002526252372767983712406878,-8.770182951198423039028062799
2026-08-04 22:30:40.079543+00:00,XRP/USD,sell,1.076392839666272743133287613,23.23679221,0.05002383350331405095474981719,16.19170996695528838739209598
2026-08-04 22:56:27.844122+00:00,XRP/USD,sell,1.075254165027892244807848299,23.26198108,0.05002508408614005414199779073,41.15422692593917540424899356
2026-08-04 22:56:27.980544+00:00,BTC/USD,sell,64208.71628338265480482581095,0.00038956,0.05002629503070909401153588583,66.11734814626301331600540058
2026-08-04 23:07:24.171741+00:00,BTC/USD,sell,64260.34905952469709613352757,0.00038926,0.05002796694982116718328187387,91.08130365422377574046305565
2026-08-04 23:07:42.854449+00:00,XRP/USD,sell,1.076486681048777183216646583,23.23592832,0.05002633471656817810574701407,116.0444446777912966152308157
2026-08-04 23:08:54.486477+00:00,BTC/USD,sell,64338.89989014309022675788420,0.00038879,0.05002864177657746409852239560,141.0087369243034512003934911
2026-08-04 23:08:54.606739+00:00,XRP/USD,sell,1.076978849759824421112326760,23.22589036,0.05002758536912118867521074114,165.9725020234949243493236510
2026-08-04 23:09:15.182466+00:00,BTC/USD,buy,64374.26738510242817547555673,0.00038820,0.04998018119779352523543922226,140.9324312434003682063686007
2026-08-04 23:09:22.020278+00:00,XRP/USD,buy,1.077033921508176236760534602,23.20207148,0.04997883606643482889951065496,115.8930343741165189277137625
2026-08-04 23:16:13.957541+00:00,BTC/USD,sell,64437.05797451736375390781371,0.00038820,0.05002893181141528121853402656,140.8574713480127442557622418
2026-08-04 23:17:22.237625+00:00,BTC/USD,sell,64432.56523739421202535488277,0.00038824,0.05003059825553185775344755936,165.8227398775231412747325739
2026-08-04 23:18:45.357658+00:00,BTC/USD,buy,64427.26072767126844491567660,0.00038789,0.04998138032731281663419668359,140.7820683335394201410000354
2026-08-04 23:20:17.880929+00:00,BTC/USD,buy,64422.15143957671572381299429,0.00038791,0.04997999352985240759284859724,115.7420915750833639369828882
2026-08-04 23:20:18.237684+00:00,XRP/USD,buy,1.077081962040035968192052854,23.20045658,0.04997758658682212540335596668,90.70332069508547910990154889
2026-08-04 23:23:16.969271+00:00,BTC/USD,buy,64373.56080377914374079459643,0.00038819,0.04997834513683805161747810879,65.66416978152961524954501639
2026-08-04 23:23:48.216804+00:00,XRP/USD,buy,1.076085494050127547275519443,23.22135994,0.04997633716710148035638840667,40.62602486081177359099442464
2026-08-04 23:24:18.938161+00:00,BTC/USD,buy,64310.57903177710840790477172,0.00038856,0.04997703717717462648595095618,15.58752923504728572153299558
2026-08-04 23:24:55.867876+00:00,XRP/USD,buy,1.075388925736928467450976008,23.23582034,0.04997508774809774394624483256,-9.449989726749683995535665533
2026-08-04 23:25:05.068097+00:00,BTC/USD,buy,64267.39099087786400844165084,0.00038882,0.04997689393014626216752456537,-34.48841358575296134146547278
2026-08-04 23:28:09.488991+00:00,BTC/USD,buy,64190.72174027086988564570730,0.00038927,0.04997504450367048304077060896,-59.52591088209187334489154787
2026-08-04 23:29:09.017077+00:00,BTC/USD,buy,64164.03011757926760430178850,0.00038942,0.04997351321677543678093440496,-84.56264100369636717213968475
2026-08-04 23:29:09.806957+00:00,XRP/USD,buy,1.074647415125062258093153393,23.25127184,0.04997383836245230031969629917,-109.5995340232849696323075306
2026-08-04 23:29:34.756919+00:00,XRP/USD,buy,1.073825984774170998700330488,23.26847633,0.04997258901851347655726220145,-134.6358011215602213874958935
2026-08-04 23:38:06.666970+00:00,BTC/USD,buy,64113.05313132117676251979684,0.00038972,0.04997227813267697801577843046,-159.6719124660313873734008871
2026-08-04 23:39:06.281889+00:00,XRP/USD,sell,1.073192837110246417190591880,23.30491687,0.05002133970866748755568416542,-134.7112639514063110831144886
2026-08-04 23:40:21.175550+00:00,BTC/USD,sell,64147.58662688070653721778362,0.00038989,0.05002100509990903734359168330,-109.7507824065517014486622386
2026-08-04 23:44:42.803693+00:00,XRP/USD,buy,1.074115851986828858406712643,23.26219753,0.04997259023804371172512270116,-134.7870501158116010229487119
2026-08-05 00:05:47.543829+00:00,BTC/USD,buy,63981.82673269514848894107783,0.00039052,0.04997236595130421877580253944,-159.8232054574150146296257841
2026-08-05 00:29:54.034232+00:00,XRP/USD,sell,1.070981919988757666274919677,23.35302772,0.05002134093023255973776141672,-134.8625563332289673204828371
2026-08-05 00:29:56.104618+00:00,BTC/USD,sell,63995.52337983072924469167382,0.00039082,0.05002146089461089120682079991,-109.9018473468181326082792579
2026-08-05 00:32:50.160370+00:00,BTC/USD,sell,64087.86421163917682049959387,0.00039027,0.05002314153175284307547275298,-84.94029972247346391361835415
2026-08-05 00:35:14.662933+00:00,XRP/USD,sell,1.072679449091649920059894620,23.31665415,0.05002259145656506567782342028,-59.97902658564749614038446743
2026-08-05 00:35:16.519086+00:00,BTC/USD,sell,64105.87423923843371849669243,0.00039017,0.05002437790384731936789170899,-35.01686201162768377580650465
2026-08-05 00:37:19.841380+00:00,BTC/USD,buy,64074.78589772629126643019115,0.00038997,0.04997448851307264361033956329,-60.05408075667707822458662585
2026-08-05 00:37:20.743831+00:00,XRP/USD,buy,1.072113819961348214140265557,23.30622043,0.04997384202813703111747974402,-85.09097561277373081444397760
2026-08-05 00:41:00.956576+00:00,BTC/USD,buy,64028.30755610671022629430287,0.00039025,0.04997409404754128733162270337,-110.1279967305919157675869520
2026-08-05 00:41:42.934225+00:00,XRP/USD,buy,1.070827707780248291922724675,23.33362889,0.04997259267694735863156248425,-135.1642656617425424419997566
2026-08-05 00:43:30.494272+00:00,BTC/USD,sell,64014.23415615049835418522511,0.00039071,0.05002200285429912242392741860,-110.2032862374472803524599747
2026-08-05 00:43:30.713421+00:00,XRP/USD,sell,1.070646829175046474399705306,23.36033788,0.05002134335935945461335977224,-85.24263590112691250039344835
2026-08-05 01:00:57.198614+00:00,XRP/USD,buy,1.068419054870309293594851214,23.38623299,0.04997259389630529474674301031,-110.2789054431758651685116965
2026-08-05 01:05:58.142216+00:00,BTC/USD,sell,63958.70728971913431684100446,0.00039106,0.05002338414543512933188768640,-85.31723675460373563189974099
2026-08-05 01:06:56.838705+00:00,XRP/USD,buy,1.068032550712917396096931932,23.39411123,0.04997134457727721072418718696,-110.3528803878196182047175217
2026-08-05 01:07:18.015568+00:00,BTC/USD,buy,63931.96024472126504821404816,0.00039085,0.04997561332329861288818892144,-135.3906626627922232617001713
2026-08-05 01:07:40.931322+00:00,BTC/USD,sell,63958.90891196229627195003708,0.00039106,0.05002354183822395116021756302,-110.4289152855184716327516074
2026-08-05 01:07:41.422014+00:00,XRP/USD,sell,1.068614310022367908653062115,23.40418560,0.05002009529315887737120022350,-85.46888773423219182452269587
2026-08-05 01:20:31.671615+00:00,BTC/USD,sell,63987.52141526202214054747846,0.00039090,0.05002544424245184890948001865,-60.50619105724871921869216656
2026-08-05 01:20:42.512393+00:00,XRP/USD,sell,1.068676040322176961292034179,23.40341877,0.05002134580225062628632711231,-35.54553950192565670181493751
2026-08-05 01:26:47.189776+00:00,BTC/USD,buy,64002.62896717905513330005025,0.00039042,0.04997581280273209341028601124,-60.58342171609443550036822914
2026-08-05 01:33:57.558086+00:00,XRP/USD,buy,1.069843325981363584591950725,23.35510029,0.04997259634576381837819781582,-85.61969248532210850784533487
2026-08-05 01:39:14.553159+00:00,XRP/USD,sell,1.071027069669877613289012733,23.35204611,0.05002134703197832900716354819,-60.65904031636492233327072432
2026-08-05 01:39:25.373754+00:00,BTC/USD,sell,64147.60324072187967275177400,0.00038992,0.05002486691124455064399874344,-35.69663172765389156191535134
2026-08-05 01:39:58.697393+00:00,XRP/USD,sell,1.072014279219731184100958139,23.33112465,0.05002259755011090599150310505,-10.73535555014854947215530192
2026-08-05 01:40:00.932443+00:00,BTC/USD,sell,64210.23904078141609296622740,0.00038955,0.05002619723667280127802998777,14.22771687095117836558166197
2026-08-05 01:40:31.361466+00:00,XRP/USD,buy,1.072118948083527973121692442,23.30611179,0.04997384811242381839833255865,-10.80918103337315465198294992
2026-08-05 01:40:41.520473+00:00,BTC/USD,buy,64196.14609114521735730839460,0.00038926,0.04997798365487837461701173136,-35.84815084446722033510582733
2026-08-05 01:41:35.382161+00:00,XRP/USD,buy,1.071172649292345204364940531,23.32611779,0.04997259878163920876471644994,-60.88442283406846392622876875
2026-08-05 01:48:37.454022+00:00,BTC/USD,sell,64198.83458547001592220075791,0.00038962,0.05002629986238165520721571859,-35.92129920274001797782812517
2026-08-05 01:50:09.596847+00:00,XRP/USD,sell,1.071937510419125969863848007,23.33221339,0.05002134946768879093230802189,-10.96064581836331130260642224
2026-08-05 01:54:05.304361+00:00,XRP/USD,sell,1.072389500956848891036310753,23.32296239,0.05002259999649491139710616763,14.00063157988764948454955541
2026-08-05 01:57:13.995766+00:00,XRP/USD,buy,1.072014055291880036144254415,23.30839335,0.04997385055494357788692499849,-11.03626754813908303679986884
2026-08-05 02:00:23.429598+00:00,XRP/USD,sell,1.072689662691517510836866486,23.31643669,0.05002260121632844608290837268,13.92501045880881155857140913
2026-08-05 02:02:00.757123+00:00,XRP/USD,sell,1.073686942657597811999256128,23.29536189,0.05002385177155283877718971183,38.88691249281367810838907533
2026-08-05 02:03:37.865878+00:00,XRP/USD,sell,1.074294076018713170328705820,23.28277866,0.05002510237538582552558027410,63.84943857813120504565363211
2026-08-05 02:03:37.911768+00:00,BTC/USD,sell,64362.02862910491748715092780,0.00038864,0.05002731761283067026441267316,88.81307006693370950759555602
2026-08-05 02:03:57.643612+00:00,XRP/USD,sell,1.074741154735837303281618275,23.27367515,0.05002635301131552291965682540,113.7762202195801554445043119
2026-08-05 02:04:02.359764+00:00,BTC/USD,sell,64408.86373167869521259602889,0.00038837,0.05002894081494410971943183949,138.7406616862372661945007998
2026-08-05 02:05:04.538510+00:00,BTC/USD,buy,64379.78877974109411010354530,0.00038817,0.04998060522126420100143778636,113.7003784703839014927804688
2026-08-05 02:07:14.004527+00:00,BTC/USD,sell,64400.36038649533956941926419,0.00038842,0.05002877596264503959110766120,138.6647376757437762487431917
2026-08-05 02:10:25.737270+00:00,XRP/USD,buy,1.073478944568965242762272097,23.27833439,0.04997760366460129467461539430,113.6259582397785276167608792
2026-08-05 02:10:34.139133+00:00,BTC/USD,buy,64364.89626725463857518328763,0.00038826,0.04998062924944857194640132653,88.58566298580479307161381461
2026-08-05 02:11:15.199988+00:00,BTC/USD,sell,64427.57761949114594179236582,0.00038826,0.05002930257308726464672060789,113.5502849697753381303273980
2026-08-05 02:12:54.195230+00:00,BTC/USD,buy,64413.27855251945957668228173,0.00038796,0.04997955109447089907473931606,88.51052987144541769388300066
2026-08-05 02:15:29.716066+00:00,XRP/USD,buy,1.073597039022591897566454705,23.27519190,0.04997635421304522970248875252,63.47237641070975761293613565
2026-08-05 02:15:40.324640+00:00,BTC/USD,buy,64378.48229363223262165460436,0.00038816,0.04997830337419257482884290245,38.43324642023927762368584152
2026-08-05 02:18:09.118739+00:00,XRP/USD,buy,1.073080443069456564636728279,23.28581475,0.04997510481832657389460451150,13.39571890625766410248898126
2026-08-05 02:18:10.052810+00:00,BTC/USD,buy,64341.58867578774404124276087,0.00038838,0.04997797241980488806147572692,-11.64324527606458481631035794
2026-08-05 02:19:02.230034+00:00,BTC/USD,buy,64285.80577917477035712956993,0.00038870,0.04997578541273046647563252768,-36.68111376784254852060225430
2026-08-05 02:20:57.911321+00:00,XRP/USD,sell,1.072706553564020914320091421,23.31665415,0.05002385542778145108513670812,-11.71920990937960442911903695
2026-08-05 02:21:02.043486+00:00,BTC/USD,sell,64348.61495178651270081051017,0.00038870,0.05002461326351883497361009059,13.24307210911629422271239826
2026-08-05 02:22:44.467128+00:00,BTC/USD,buy,64347.37819241214168092630568,0.00038833,0.04997603474691881395790822458,-11.79492129909003157019962224
2026-08-05 02:22:56.523966+00:00,XRP/USD,buy,1.072500758009184504997330034,23.29840126,0.04997510602350427872560454072,-36.83244941686567521172749714
2026-08-05 02:24:00.346929+00:00,BTC/USD,sell,64316.70051024834741531915299,0.00038890,0.05002552965687116461963523720,-11.86971011808696406652951378
2026-08-05 02:24:08.816611+00:00,XRP/USD,sell,1.072901672739404499776618108,23.31241433,0.05002385666050212763251782756,13.09219435550359762209688217
2026-08-05 02:25:26.270073+00:00,BTC/USD,sell,64391.54699631593593097562308,0.00038845,0.05002579286143785062477496159,38.05506499336108508385958800
2026-08-05 02:25:43.058092+00:00,XRP/USD,sell,1.073368716225028496507728904,23.30285320,0.05002510724732859443987263863,63.01759350977805370935603468
2026-08-05 02:26:35.570096+00:00,XRP/USD,buy,1.073432195587821935133974406,23.27876790,0.04997635787495262178902529120,37.97943821442679019305436379
2026-08-05 02:31:53.844503+00:00,XRP/USD,sell,1.073703910601665060337125950,23.29557897,0.05002510847963781725314666478,62.94196734576606100237454952
2026-08-05 02:33:54.280600+00:00,XRP/USD,sell,1.074461138042247135032901322,23.27974336,0.05002635908783409228252241586,87.90512053059527305135323503
2026-08-05 02:36:13.467808+00:00,XRP/USD,buy,1.074388667960928459875385340,23.25862662,0.04997760974572478359354647870,62.86633804798715647098644920
2026-08-05 02:36:27.705829+00:00,BTC/USD,buy,64387.97257878970013712451515,0.00038810,0.04997794431565656524643604866,37.82738794584321728252198882
2026-08-05 02:39:39.314447+00:00,XRP/USD,buy,1.074046957174247759520728449,23.26544477,0.04997636032504803303085149880,12.78923142299415273406538792
2026-08-05 02:47:01.533565+00:00,XRP/USD,buy,1.075259488750791684859641566,23.23862818,0.04997511091219308129017789168,-12.24829914401458099231373581
2026-08-05 02:58:40.366963+00:00,XRP/USD,buy,1.073443543020845306074402059,23.27735904,0.04997386152013180478758509936,-37.28520376560061519089387059
2026-08-05 02:59:20.646719+00:00,BTC/USD,buy,64318.19514553548229962449362,0.00038851,0.04997652399198398045645422402,-62.32344228558458939957743683
2026-08-05 03:00:27.269566+00:00,XRP/USD,sell,1.073500264211069178019796794,23.29883552,0.05002261217306048668404968961,-37.36215881122740654423664171
2026-08-05 03:00:36.520032+00:00,BTC/USD,sell,64346.71867534510181164650228,0.00038872,0.05002571296696029595244645675,-12.39932804071421886396585980
2026-08-05 03:02:09.404175+00:00,XRP/USD,buy,1.072848880233373944259076702,23.29026188,0.04997386275660006935552483791,-37.43623328177085361108380360
2026-08-05 03:04:08.007350+00:00,XRP/USD,buy,1.071432820358820523596645323,23.32046044,0.04997261340259100125119130754,-62.47251259646894523793064868
2026-08-05 03:07:46.459730+00:00,BTC/USD,sell,64381.94506211009725651889662,0.00038851,0.05002605895216078777026031304,-37.50950917934071214057075246
2026-08-05 03:08:49.691470+00:00,BTC/USD,buy,64362.68705328855298721167080,0.00038825,0.04997762649687856139456986238,-62.54830005427687139925025351
2026-08-05 03:08:54.782031+00:00,XRP/USD,buy,1.070881335215413068037757062,23.33188676,0.04997136409328723582016224635,-87.58395346501377654515153893
2026-08-05 03:10:57.077602+00:00,XRP/USD,sell,1.070560509047950908136523161,23.36164765,0.05002011480076573214076594437,-62.62391617943167620690933269
2026-08-05 03:12:33.708472+00:00,XRP/USD,sell,1.070972437573519481730560516,23.35324587,0.05002136530929525331617750565,-37.66325489009334480213675738
2026-08-05 03:14:59.641588+00:00,BTC/USD,buy,64311.90126778829451519517649,0.00038855,0.04997677847519828366775817166,-62.70162090616768491968360138
2026-08-05 03:17:44.601920+00:00,XRP/USD,buy,1.068959228137196955082927861,23.37442557,0.04997261583091511995003306093,-87.73790143745616001465016490
2026-08-05 03:18:56.956211+00:00,BTC/USD,buy,64238.72912854084000262478695,0.00038898,0.04997516171283963188844197926,-112.7754574555888155907595965
2026-08-05 03:18:57.716469+00:00,XRP/USD,buy,1.067793156999773482816686079,23.39936635,0.04997136653332153318288613491,-137.8111120887829037153855501
2026-08-05 03:19:05.908996+00:00,XRP/USD,buy,1.066367298888155988660901436,23.43006828,0.04997011724901732579523165282,-162.8461408305405839387966082
2026-08-05 03:19:16.322337+00:00,BTC/USD,buy,64148.16972331250808746333288,0.00038952,0.04997399014124937630045743486,-187.8831098913065214653257830
2026-08-05 03:20:08.333412+00:00,XRP/USD,sell,1.066587335270709758665898012,23.44808828,0.05001886799151512023891094322,-162.9236947635404764661092223
2026-08-05 03:20:49.087026+00:00,XRP/USD,sell,1.066999154866217962172309395,23.43962422,0.05002011846624346681186621422,-137.9636556488849865269879814
2026-08-05 03:23:11.637147+00:00,XRP/USD,sell,1.067010823434406067566883118,23.43995387,0.05002136896018638638923168685,-113.0029925377519797187613697
2026-08-05 03:23:15.420288+00:00,BTC/USD,sell,64056.77823114356817749769937,0.00039046,0.05002321925626463526117150338,-88.04140612887592672343678950
2026-08-05 03:25:16.875967+00:00,BTC/USD,buy,64031.73225374928299296967075,0.00039023,0.04997420575476116540469310923,-113.0784832120112705911880372
2026-08-05 03:26:59.168634+00:00,XRP/USD,buy,1.065910976561598003546459036,23.44127258,0.04997261949518881992303270591,-138.1147655791008693726274229
2026-08-05 03:30:16.411705+00:00,XRP/USD,buy,1.065464569277677728123216953,23.45050770,0.04997137017184673000294401141,-163.1504220351960811041023726
2026-08-05 03:35:36.127828+00:00,XRP/USD,sell,1.066944184727326044275391640,23.44083299,0.05002012088768991698627360200,-138.1903817122388125279518452
2026-08-05 03:35:37.847229+00:00,BTC/USD,sell,64093.49638247460967769697886,0.00039023,0.05002241018666613386905538411,-113.2291990290924117272932085
2026-08-05 03:50:09.691004+00:00,XRP/USD,sell,1.067180948091812144106328668,23.43621833,0.05002137139419221258924268280,-88.26853470339049764526110978
2026-08-05 03:52:23.115644+00:00,BTC/USD,buy,64091.90230379532612662870898,0.00038986,0.04997373806431529168745493698,-113.3053774736124587806760332
2026-08-05 04:01:18.780038+00:00,XRP/USD,buy,1.066310809530082335691201738,23.43248398,0.04997262192402897131833013391,-138.3416610575509734111594303
2026-08-05 04:19:15.928140+00:00,BTC/USD,sell,64074.28926592114012064209172,0.00039035,0.05002279762990463409218528099,-113.3802850402285609991589751
2026-08-05 04:19:16.273924+00:00,XRP/USD,sell,1.066420649229176183866914162,23.45292763,0.05002137261901896864950062279,-88.41962010333809564305816433
2026-08-05 05:02:01.042011+00:00,XRP/USD,sell,1.066977549550809840626542557,23.44127258,0.05002262315152198006774628412,-63.45833115072862758925276855
2026-08-05 05:02:05.700420+00:00,BTC/USD,sell,64168.23514455909479527840894,0.00038979,0.05002427275399537912050314205,-38.49621904648493340812170067
2026-08-05 05:02:43.233206+00:00,BTC/USD,sell,64204.65682961032264934407311,0.00038958,0.05002570041535917899546292800,-13.53339453922070308938569960
2026-08-05 05:07:08.262042+00:00,XRP/USD,sell,1.068454916327332736884113594,23.40944524,0.05002387371034695523869597081,11.42851844224242757472358983
2026-08-05 05:22:32.811527+00:00,BTC/USD,sell,64321.02240002877909811522058,0.00038888,0.05002631838184638323135009397,36.39165131478377280716728672
2026-08-05 05:24:20.009419+00:00,XRP/USD,sell,1.069487132698939470825226787,23.38743627,0.05002512431516295994102503158,61.35418834805008981773877748
2026-08-05 05:25:45.805877+00:00,BTC/USD,sell,64378.46122106655458874571561,0.00038854,0.05002721464566639823982252068,86.31776845623762253941021530
2026-08-05 05:25:53.571813+00:00,XRP/USD,sell,1.069969109889226714416181254,23.37748561,0.05002637493915981242058371363,111.2809295508783689372814884
2026-08-05 05:26:07.170124+00:00,XRP/USD,sell,1.070586185099064544385695071,23.36459516,0.05002762559745693514856323246,136.2447147240093795764145414
2026-08-05 05:26:14.285534+00:00,BTC/USD,sell,64433.20130475073143179700692,0.00038822,0.05002851482106065791290446804,161.2089436197186478749538709
2026-08-05 05:28:04.245950+00:00,BTC/USD,buy,64428.79282702386815927082360,0.00038787,0.04997999174763549548587274870,136.1689677541532646365316239
2026-08-05 05:28:39.199019+00:00,BTC/USD,buy,64399.69374464463491453395449,0.00038804,0.04997931432134380826447151141,111.1293312791600166960313967
2026-08-05 05:28:44.431662+00:00,XRP/USD,buy,1.070702464683656409918225498,23.33929263,0.04997887628582819465891339854,86.08991425996009117191578403
2026-08-05 05:30:12.225443+00:00,XRP/USD,buy,1.070015992448021825364472847,23.35368218,0.04997762683029676375853072306,61.05112321798141252889189178
2026-08-05 05:30:13.277719+00:00,BTC/USD,buy,64351.30470582355633224170934,0.00038832,0.04997779728673080678987220115,36.01224677732927832716591901
2026-08-05 05:32:33.028447+00:00,BTC/USD,buy,64336.00239736409722208798146,0.00038840,0.04997620666227243072211794399,10.97416723953079053538482907
2026-08-05 05:32:35.321869+00:00,XRP/USD,buy,1.069429506621559363753016671,23.36590541,0.04997637738876464952030554027,-14.06399783224029887428824661
2026-08-05 05:49:59.076087+00:00,BTC/USD,buy,64281.52034729818755567193495,0.00038872,0.04997502517880350293328158911,-39.10148544682085384386232275
2026-08-05 05:49:59.190317+00:00,XRP/USD,buy,1.069422760935076494925027790,23.36546864,0.04997512796706149383634371196,-64.13902455831866225587052244
2026-08-05 05:52:00.981517+00:00,XRP/USD,sell,1.069695612635746341304229194,23.38229586,0.05002387858958595072857605057,-39.17710914211527284231107321
2026-08-05 05:52:08.249302+00:00,BTC/USD,sell,64294.50315530014460606562528,0.00038902,0.05002369523494972450930329911,-14.21528521987536031216872696
2026-08-05 05:59:56.609552+00:00,BTC/USD,buy,64280.62236056938886903425254,0.00038873,0.04997561266044827707011936999,-39.25306716275994712429853132
2026-08-05 06:01:34.648361+00:00,XRP/USD,buy,1.068573209819359799132002289,23.38404553,0.04997512918110830523670879201,-64.29060688249520804788963612
2026-08-05 06:06:02.705065+00:00,XRP/USD,buy,1.068236657434295136883036443,23.39082799,0.04997387981331630454744922037,-89.32752066896667662616169553
2026-08-05 06:08:56.672452+00:00,XRP/USD,sell,1.068678474952299458013621701,23.40396650,0.05002263045410941122663791767,-64.36622807236608042406937462
2026-08-05 06:14:25.400165+00:00,BTC/USD,buy,64255.32772331540539720044150,0.00038887,0.04997393858353132339361867137,-89.40317130271527344427232898
2026-08-05 06:14:25.810050+00:00,XRP/USD,buy,1.068676453639570370945674092,23.38120245,0.04997388103218966834820480779,-114.4400856998422972867229377
2026-08-05 06:20:21.886684+00:00,BTC/USD,sell,64282.79437597507041605987246,0.00038908,0.05002229927160876079496115035,-89.47895836330952565003732367
2026-08-05 06:24:54.424141+00:00,BTC/USD,sell,64275.69728590637502041063029,0.00038914,0.05002448968367521355088518535,-64.51673801115559408814561619
2026-08-05 06:33:53.612917+00:00,XRP/USD,sell,1.068678500989243831793493715,23.40396650,0.05002263167284495899925312365,-39.55544480640595954751830749
2026-08-05 06:46:15.799432+00:00,BTC/USD,buy,64192.06960578617539630714373,0.00038926,0.04997481002949665326953303755,-64.59282463118378283555435930
2026-08-05 06:48:42.235143+00:00,BTC/USD,sell,64219.27197543699353766450883,0.00038948,0.05002424409798640048609914581,-39.63072682628856899299088555
2026-08-05 06:53:50.893870+00:00,XRP/USD,sell,1.068024893153194919091821455,23.41887468,0.05002388225575012370364821214,-14.66880958066925726487042769
2026-08-05 07:02:03.337945+00:00,XRP/USD,buy,1.067503820157113570319276823,23.40747260,0.04997513284144592718467329097,-39.70635113423366678439174647
2026-08-05 07:02:19.610643+00:00,XRP/USD,sell,1.067914866629934253834120373,23.42128808,0.05002388347250893782101755558,-14.74443328145170681170398624
2026-08-05 07:02:37.605013+00:00,BTC/USD,sell,64202.06803078862084900738421,0.00038959,0.05002496736822987759312957362,10.21802543529500210726767100
2026-08-05 07:03:03.619303+00:00,BTC/USD,buy,64174.18681802521562178964443,0.00038938,0.04997628972640531691762490351,-14.82009571763406166846240565
2026-08-05 07:03:18.870432+00:00,XRP/USD,buy,1.067543826298054516453419731,23.40659598,0.04997513406620372225327891627,-39.85763788480212651735514270
2026-08-05 07:04:38.551300+00:00,BTC/USD,sell,64176.85693972208954904835004,0.00038974,0.05002457644737457436169220790,-14.89537423756221391087073097
2026-08-05 07:05:17.393446+00:00,BTC/USD,buy,64150.39962289938946231928496,0.00038952,0.04997572732222354036672521575,-39.93321362599620763460006407
2026-08-05 07:19:34.756339+00:00,XRP/USD,buy,1.065038433022010886818366815,23.46107104,0.04997388467491935859859820685,-64.97012984813080629249776570
2026-08-05 07:20:03.570347+00:00,XRP/USD,buy,1.064442119018336922880721021,23.47362738,0.04997263533882810462999568287,-90.00642015288368671212560281
2026-08-05 07:21:04.612076+00:00,XRP/USD,buy,1.063396091690508663661818276,23.49613019,0.04997138602779473749744200869,-115.0420845528088501983440492
2026-08-05 07:32:10.801534+00:00,XRP/USD,sell,1.063958320489206920872672083,23.50662417,0.05002013674456839526063366216,-90.08203631726922096328785178
2026-08-05 07:46:04.480285+00:00,XRP/USD,sell,1.064850289446491227037953571,23.48752108,0.05002138724083712845417800092,-65.12136408409149386465302932
2026-08-05 07:46:18.844028+00:00,BTC/USD,sell,63985.06224944102860573089314,0.00039091,0.05002480136785798498453252688,-40.15898820153035935737129841
2026-08-05 07:57:10.975562+00:00,BTC/USD,sell,64038.78933000762019234217291,0.00039059,0.05002582144881535274185385863,-15.19610329857149833918622295
2026-08-05 07:57:52.820345+00:00,BTC/USD,sell,64082.71363848429392715338579,0.00039034,0.05002809288329191858305010523,9.767915050191169033755779555
2026-08-05 07:57:53.919196+00:00,XRP/USD,sell,1.065237073695711832420095923,23.47957981,0.05002263777681863524813797534,34.72921130082366802257662924
2026-08-05 07:59:52.675651+00:00,XRP/USD,sell,1.066014062947678401916053996,23.46305273,0.05002388833972583515047701588,59.69113158234685976266466016
2026-08-05 08:00:09.607250+00:00,XRP/USD,sell,1.066706047647136857889453037,23.44841817,0.05002513893939601929402351689,84.65367591310547339038239508
2026-08-05 08:03:12.709028+00:00,XRP/USD,buy,1.066091344609650002661809508,23.43907481,0.04997638956119815332061370438,59.61550474294519857675492919
2026-08-05 08:05:14.163810+00:00,XRP/USD,buy,1.065724861372966905516996180,23.44654890,0.04997514015225397937657186143,34.57795952666595490909242661
2026-08-05 08:13:23.727421+00:00,XRP/USD,buy,1.065738197364058591579425665,23.44566935,0.04997389077812551862439581681,9.541040246825070078270122393
2026-08-05 08:14:39.609160+00:00,BTC/USD,buy,64146.31505204957377752147124,0.00038957,0.04997895990965390491301807911,-15.49841866791153628315193524
2026-08-05 08:27:00.362689+00:00,BTC/USD,sell,64183.77098136701776512277201,0.00038972,0.05002739845371670832684729341,9.465253160493101171944864177
2026-08-05 08:27:01.881988+00:00,XRP/USD,sell,1.066127554570512352550710426,23.45997025,0.05002264142585894263619435642,34.42655123199671354740584803
2026-08-05 08:41:10.189288+00:00,BTC/USD,buy,64147.11626803310734233156354,0.00038956,0.04997830122674995459255736779,9.387422317394986296534606772
2026-08-05 08:44:30.983317+00:00,BTC/USD,buy,64071.34583498260880428887508,0.00039002,0.04997821260511983417169749413,-15.65166219777005062348583778
2026-08-05 08:45:24.823334+00:00,XRP/USD,buy,1.064239006595411311516802160,23.47869778,0.04997389200308217783579286261,-40.68858209131422171921806195
2026-08-05 09:02:52.040579+00:00,XRP/USD,sell,1.064686928436967999425071567,23.49171447,0.05002264264556515127004181082,-15.72728341117721123546719835
2026-08-05 09:17:15.210173+00:00,BTC/USD,sell,64103.22794944344711310938791,0.00039020,0.05002615909174566612707056632,9.235769975603876161941014244
2026-08-05 09:18:12.243126+00:00,XRP/USD,buy,1.064998635727022913198453955,23.46195175,0.04997389321048647552121312973,-15.80115052284984807418676376
2026-08-05 09:24:19.391847+00:00,XRP/USD,buy,1.065256854831187463378220254,23.45567815,0.04997264386800321144662889200,-40.83744510071945700894783865
2026-08-05 10:00:10.478822+00:00,XRP/USD,buy,1.063396273229718048795546537,23.49613019,0.04997139455873253410298586825,-65.87311377464445659454375865
2026-08-05 10:10:30.371448+00:00,XRP/USD,buy,1.062070464545909819755221786,23.52487285,0.04997014527236592299461602128,-90.90815655609978401484638531
2026-08-05 10:10:33.095459+00:00,BTC/USD,buy,64061.45180467648587496207936,0.00039008,0.04997818223993640722021041583,-115.9472258583079240321718036
2026-08-05 10:15:36.335611+00:00,BTC/USD,buy,64065.64750802584465671506241,0.00039004,0.04997633030806080089981028588,-140.9853673426463852829767568
2026-08-05 10:17:33.819747+00:00,XRP/USD,sell,1.061335948865376505157603632,23.56412033,0.05001889601923691787657727520,-116.0259382290471632625646965
2026-08-05 10:26:24.033914+00:00,BTC/USD,sell,64145.45050666585214924242177,0.00038993,0.05002447103212843145710819503,-91.06372718401507596546770718
2026-08-05 10:26:26.274797+00:00,XRP/USD,sell,1.062022748197729234628866724,23.54947037,0.05002014648189679102435054973,-66.10367408954857724431678287
2026-08-05 10:45:52.808572+00:00,XRP/USD,buy,1.062137045897217113071241384,23.52398741,0.04997139699076145504384885750,-91.13934398192006622128506048
2026-08-05 10:47:31.242614+00:00,BTC/USD,buy,64093.03609766434797889191323,0.00038987,0.04997590396679279869306118044,-116.1772718692832583665087119
2026-08-05 10:48:05.954350+00:00,XRP/USD,buy,1.061181047723742581199430258,23.54459110,0.04997014770345020967199826596,-141.2123158687118134121798432
2026-08-05 10:48:06.022909+00:00,BTC/USD,buy,63982.58798943786754483793050,0.00039054,0.04997551982679012958192201075,-166.2500513019336683327227706
2026-08-05 11:02:04.547709+00:00,BTC/USD,sell,64040.30061851097305376725333,0.00039057,0.05002444042514366149121975228,-141.2878555297869812486041143
2026-08-05 11:05:19.432901+00:00,XRP/USD,sell,1.061416030822317699770728421,23.56234360,0.05001889844156728038071908856,-116.3284252074449083386252891
2026-08-05 11:08:36.817440+00:00,XRP/USD,sell,1.061442566223082689524724996,23.56234360,0.05002014891402805716358738210,-91.36837089934490781399518543
2026-08-05 11:13:01.744764+00:00,XRP/USD,buy,1.060398093007347048837077640,23.56256568,0.04997139942686472712155561902,-116.4040420122041361018945505
2026-08-05 11:33:24.163536+00:00,BTC/USD,sell,64070.81616073922006827435337,0.00039039,0.05002521184198196824490724961,-91.44146130305513394768583294
2026-08-05 11:51:00.953481+00:00,XRP/USD,buy,1.060211678574564161846426923,23.56611946,0.04997015014035060311101534208,-116.4765065233707861063045193
2026-08-05 12:00:53.584430+00:00,XRP/USD,sell,1.060505738549436623986773444,23.58256965,0.05001890088713355830685789084,-91.51707498069114051118243177
2026-08-05 12:10:04.857270+00:00,XRP/USD,sell,1.061852783188856696881383359,23.55324210,0.05002015135401190360770707447,-66.55701945503920061093660160
2026-08-05 12:10:07.875003+00:00,BTC/USD,sell,64134.65073265932565587446658,0.00039001,0.05002631026448892719809520144,-41.59389063305922593908709609
2026-08-05 12:16:25.367279+00:00,XRP/USD,sell,1.062089419396268581657285014,23.54858308,0.05002140186208398827430068048,-16.63321110387931579021105653
2026-08-05 12:16:35.095835+00:00,BTC/USD,sell,64164.76983824700026463257226,0.00038984,0.05002798774748442116632872393,8.330754782115410371786976716
2026-08-05 12:18:30.035055+00:00,XRP/USD,sell,1.063621653469017410566407768,23.51524729,0.05002265240864526152556907526,33.29205833402939587304594527
2026-08-05 12:18:30.718224+00:00,BTC/USD,sell,64228.50982177437096121777220,0.00038946,0.05002887087037649302911174712,58.25646489834726589457270708
2026-08-05 12:19:04.565864+00:00,XRP/USD,sell,1.064303557139228210984515286,23.50076848,0.05002390297753890662446337320,83.21839248413918030017993031
2026-08-05 12:19:04.603264+00:00,BTC/USD,sell,64285.64896492071832251137679,0.00038912,0.05002966345045989982731125388,108.1831945459186703140082459
2026-08-05 12:20:02.468509+00:00,XRP/USD,sell,1.065120562154485180500887724,23.48332918,0.05002515355492085101426812741,133.1457461698241749701280415
2026-08-05 12:20:08.524775+00:00,XRP/USD,buy,1.064542388087114786595799350,23.47318658,0.04997640419577522935928016237,108.1075676677407850611286801
2026-08-05 12:20:43.496333+00:00,BTC/USD,sell,64420.33953070261921726630687,0.00038832,0.05003141249312488218889770455,133.0732425018101012733886347
2026-08-05 12:21:18.478344+00:00,XRP/USD,sell,1.065825942785850489811836978,23.46778811,0.05002515477487864480208780794,158.0357947344745450296304509
2026-08-05 12:21:18.715826+00:00,BTC/USD,sell,64466.87933237656456401450463,0.00038805,0.05003274504985745175813165706,183.0021345143534134569381477
2026-08-05 12:21:39.040590+00:00,XRP/USD,sell,1.066362857769621510170685454,23.45655845,0.05002640540436432717539190566,207.9653108111312127174587086
2026-08-05 12:21:40.075479+00:00,BTC/USD,sell,64484.80204994662776223106268,0.00038795,0.05003375791055358848071508155,232.9321560084974533693355343
2026-08-05 12:22:26.813260+00:00,BTC/USD,buy,64420.37349253847095179540465,0.00038796,0.04998505620033045038091709038,207.8896428521318977284960720
2026-08-05 12:25:46.724421+00:00,XRP/USD,sell,1.066819754683284855315688706,23.44709866,0.05002765608099195411094155707,232.8534432365468828298559089
2026-08-05 12:25:49.360884+00:00,BTC/USD,sell,64455.38370304349704162049482,0.00038813,0.05003413615332454501352832529,257.8204771770558307916065433
2026-08-05 12:26:12.381932+00:00,BTC/USD,buy,64468.46076102834602320492466,0.00038767,0.04998497636645571780563170628,232.7780040174615161709850585
2026-08-05 12:26:59.097703+00:00,BTC/USD,buy,64466.14927998768816392045983,0.00038768,0.04998447350573125389477736775,207.7357827910901579697015972
2026-08-05 12:27:43.928497+00:00,XRP/USD,buy,1.067044661518282780928576303,23.41931344,0.04997890676515074147424236539,182.6963505017496364911061721
2026-08-05 12:27:44.263094+00:00,BTC/USD,buy,64477.23319298994378115102466,0.00038760,0.04998275117120580441914827431,157.6549921649755284771128866
2026-08-05 12:30:01.093095+00:00,XRP/USD,sell,1.067114943850294547628807938,23.44061321,0.05002765729881124527107761906,182.6187931570823398673806185
2026-08-05 12:30:15.184127+00:00,BTC/USD,buy,64439.93455771310934453219015,0.00038781,0.04998090204165344186980605732,157.5783612342139654906077837
2026-08-05 12:30:17.540057+00:00,XRP/USD,buy,1.066519909004940431210888892,23.43083686,0.04997890799167360835544077977,132.5389283303854877045319530
2026-08-05 12:31:10.383183+00:00,XRP/USD,buy,1.066368301860935620153288837,23.43358220,0.04997765851426529564754014112,107.5001214147385745851143423
2026-08-05 12:31:11.000559+00:00,BTC/USD,buy,64401.23832293213351347655204,0.00038804,0.04998051303766117017713888251,82.45988438287032832636776217
2026-08-05 12:31:41.215722+00:00,BTC/USD,buy,64367.04205362041782991661469,0.00038823,0.04997843347295410962821705465,57.42068921292031940263101780
2026-08-05 12:35:39.674445+00:00,BTC/USD,sell,64397.70940684024444179351984,0.00038843,0.05002800452979791229705171383,82.38466347328947763885982300
2026-08-05 12:35:57.576415+00:00,XRP/USD,buy,1.065452062571967737115634398,23.45314765,0.04997640907499479617921871732,57.34648252671708475307124562
2026-08-05 12:38:23.783665+00:00,BTC/USD,buy,64416.62269383561162714266649,0.00038793,0.04997828088323929763703490923,32.30736380421419663691675610
2026-08-05 12:45:02.296988+00:00,BTC/USD,buy,64383.02661696038598198136837,0.00038813,0.04997796824168166922237285700,7.268401715131680356507954733
2026-08-05 12:45:07.198340+00:00,XRP/USD,buy,1.064665803843594424774597644,23.46988110,0.04997515965489016829216540201,-17.76915327196829395786691168
2026-08-05 12:52:54.982487+00:00,BTC/USD,buy,64313.94892230603435089937030,0.00038853,0.04997579714956712705270986469,-42.80702764390142461127455388
2026-08-05 12:58:15.602018+00:00,BTC/USD,buy,64285.05467294341308507112344,0.00038870,0.04997520150274620933233429137,-67.84460359677727548677403385
2026-08-05 13:03:01.379859+00:00,XRP/USD,buy,1.062650225569385258180366363,23.51380966,0.04997391027838918016812618522,-92.88153264625025475100525265
2026-08-05 13:10:08.644810+00:00,BTC/USD,buy,64164.60966350563375970577442,0.00038942,0.04997396459032472779740924533,-117.9184889060029433775072845
2026-08-05 13:10:12.551231+00:00,XRP/USD,buy,1.061429312717483374034630568,23.54026798,0.04997266092639356131193955474,-142.9547920301261175947890015
2026-08-05 13:10:36.468327+00:00,XRP/USD,buy,1.060368368764237902785720996,23.56323193,0.04997141160885501038607347384,-167.9904692461624777982118119
2026-08-05 13:16:08.277022+00:00,BTC/USD,sell,64113.65232958872310980179694,0.00039011,0.05002275382059171354472955802,-143.0291150896872127393917625
2026-08-05 13:16:11.195826+00:00,XRP/USD,sell,1.060292386951302759589444081,23.58790978,0.05002016232765635749332167365,-118.0690540881866903502242474
2026-08-05 13:17:12.382925+00:00,XRP/USD,sell,1.060879134084713527225904708,23.57545324,0.05002141283781170791981956672,-93.10836908211864809823428361
2026-08-05 13:19:04.197380+00:00,XRP/USD,sell,1.061605973350234872304929538,23.55990105,0.05002266337244094117152705069,-68.14706005927061845364228532
2026-08-05 13:25:00.827238+00:00,BTC/USD,buy,64092.14910546589714366094634,0.00038986,0.04997393050051386932085531309,-93.18399924002806698339079717
2026-08-05 13:30:02.623576+00:00,XRP/USD,buy,1.059451972827411601492709771,23.58479441,0.04997391393280681806730881813,-118.2209301203642828351125150
2026-08-05 13:30:24.398969+00:00,BTC/USD,buy,64047.57033882695972643137032,0.00039012,0.04997247628116634705695081236,-143.2571407372286227106448720
2026-08-05 13:31:06.499103+00:00,BTC/USD,buy,64039.57281782705491448145474,0.00039016,0.04997135946120680749086816877,-168.2927918272932332635698246
2026-08-05 13:31:24.069207+00:00,XRP/USD,buy,1.057726415932106790178073889,23.62267966,0.04997266458296815802657494767,-193.3290967833602804348838733
2026-08-05 13:32:09.531597+00:00,XRP/USD,buy,1.056460681672985332443848459,23.65039047,0.04997141527553695192575955081,-218.3647758364042933496894083
2026-08-05 13:32:10.120832+00:00,BTC/USD,buy,63989.30092180068913075206602,0.00039046,0.04997052487585259415598690338,-243.4000087992064430218388469
2026-08-05 13:32:50.281089+00:00,BTC/USD,buy,63876.97013525156945648482353,0.00039113,0.04996839865800189272302981807,-268.4341765268653912760767857
2026-08-05 13:33:24.291116+00:00,BTC/USD,sell,63897.57527109729554880755214,0.00039139,0.05001774397070954100969557567,-243.4753222854813303122386935
2026-08-05 13:34:33.161733+00:00,XRP/USD,sell,1.055985728159768139706717666,23.68411080,0.05002016597790925744624756141,-218.5152594625046108465611604
2026-08-05 13:34:37.826935+00:00,BTC/USD,sell,63881.66610508822476137162694,0.00039150,0.05001934456028407998815398390,-193.5556065269228549324723224
2026-08-05 13:34:45.919911+00:00,XRP/USD,buy,1.055341347709940698030841403,23.67547552,0.04997141648590101811376179568,-218.5912861863592650074669820
2026-08-05 13:34:46.554024+00:00,BTC/USD,buy,63856.98315166744199288859730,0.00039127,0.04997064359550584005711504293,-243.6265786277076908760816185
2026-08-05 13:35:49.601588+00:00,XRP/USD,buy,1.054575405701622700222284557,23.69207879,0.04997016720375812048903783248,-268.6616323967905092410895725
2026-08-05 13:36:06.752469+00:00,XRP/USD,sell,1.054733917144144077891753577,23.71162866,0.05001891795685830413701475299,-243.7021923363182154767192108
2026-08-05 13:36:38.819845+00:00,BTC/USD,buy,63824.40600273222868332288783,0.00039146,0.04996940394765911648074715536,-268.7368637140954328335735357
2026-08-05 13:36:49.531113+00:00,BTC/USD,sell,63848.96122940001937023715867,0.00039169,0.05001799924788738717425638534,-243.7778820893996266336195994
2026-08-05 13:36:53.112276+00:00,XRP/USD,sell,1.054430152380482171010027051,23.71905257,0.05002016843141153451226912324,-218.8178180421252709119973069
2026-08-05 13:37:25.200908+00:00,BTC/USD,sell,63949.99500877873968278596470,0.00039108,0.05001912809606637903028787015,-193.8582731221881477758836597
2026-08-05 13:37:28.612131+00:00,XRP/USD,sell,1.055426928661490093117957774,23.69724401,0.05002141892643238685362773417,-168.8975850778983867359234203
2026-08-05 13:38:17.899386+00:00,XRP/USD,sell,1.055408293932189343754433722,23.69825486,0.05002266946192562925213743920,-143.9362730163974977391068381
2026-08-05 13:38:21.983181+00:00,BTC/USD,sell,63967.80029036812145835853793,0.00039098,0.05002026111505625625557804234,-118.9761627199844258675733949
2026-08-05 13:38:53.950167+00:00,BTC/USD,sell,64040.52990049641249201270791,0.00039054,0.05002077709467973786926128589,-94.01579494973923667081201324
2026-08-05 13:38:59.600130+00:00,XRP/USD,sell,1.056750308236319321024737849,23.66875109,0.05002392001985243781418464776,-69.05385885983287020153387401
2026-08-05 13:39:52.270150+00:00,BTC/USD,sell,64105.25946173075175133297554,0.00039016,0.05002261606317774020660014748,-44.09257344430717783844040042
2026-08-05 13:39:52.536134+00:00,XRP/USD,sell,1.057737210270072681963902329,23.64725857,0.05002517062073373648618754756,-19.13001330456104333183281419
2026-08-05 13:40:26.282152+00:00,BTC/USD,sell,64209.21096584576576403568094,0.00038954,0.05002411207927111919144491831,5.832018622995245144698200042
2026-08-05 13:40:26.500649+00:00,XRP/USD,sell,1.059259443695910299917323857,23.61386606,0.05002642125245067438404422927,30.79520282796813166233627044
2026-08-05 13:40:47.861921+00:00,BTC/USD,buy,64201.11055358127961222370420,0.00038921,0.04997542847711873967574717582,5.757513160931643084786935354
2026-08-05 13:41:17.776995+00:00,XRP/USD,buy,1.059241771921926354662872654,23.59124859,0.04997767191664449340904866885,-19.28130046930724811314644774
2026-08-05 13:41:38.532587+00:00,XRP/USD,buy,1.058865455920298583863901618,23.59904282,0.04997642246976389757557915067,-44.31948812665896079851160223
2026-08-05 13:41:42.577624+00:00,BTC/USD,buy,64118.24797385538553649710836,0.00038970,0.04997376247082288748714584625,-69.35634312454122742957167121
2026-08-05 13:42:29.674636+00:00,XRP/USD,buy,1.058274264828267200865933474,23.61163581,0.04997517305644107468042907565,-94.39390482581820584446663811
2026-08-05 13:44:14.178253+00:00,BTC/USD,buy,64116.74496697531359823484976,0.00038970,0.04997259102726055941846424190,-119.4301729304757461131172233
2026-08-05 13:44:38.539461+00:00,XRP/USD,buy,1.057838021797427115521260208,23.62078251,0.04997392368737133034660866531,-144.4671086978487826167681647
2026-08-05 13:45:00.401327+00:00,XRP/USD,sell,1.058179652941020259550721432,23.63619174,0.05002267434456121953193083604,-119.5057941999127340703346775
2026-08-05 13:45:31.634420+00:00,XRP/USD,buy,1.057193383964761539428170681,23.63518617,0.04997392489539886340808121878,-144.5427305725075646377833681
2026-08-05 13:45:31.912657+00:00,BTC/USD,buy,64086.35852937088037483911387,0.00038988,0.04997197892686223768108454742,-169.5786920148655457160067263
2026-08-05 13:46:54.777078+00:00,BTC/USD,buy,64000.20687379882618839370938,0.00039039,0.04997008152292464751137404043,-194.6137028578507941192051205
2026-08-05 13:46:54.803895+00:00,XRP/USD,buy,1.056452344869709370949046603,23.65117357,0.04997267555389399073554283367,-219.6500133103516834777120801
2026-08-05 13:47:22.857692+00:00,XRP/USD,sell,1.057509374869709370949046603,23.65117357,0.05002267555389138493554283367,-194.6886982089598823948762061
2026-08-05 13:47:36.370348+00:00,BTC/USD,sell,64055.44260017604615549569090,0.00039043,0.05001833290877346740098036520,-169.7295500874819221617870039
2026-08-05 13:49:29.525288+00:00,XRP/USD,sell,1.057494394492417420061853306,23.65150920,0.05002267680057167988166637607,-144.7682343639966539008354823
2026-08-05 13:49:35.780051+00:00,BTC/USD,sell,64126.37188476589461731991711,0.00039001,0.05001985259755509311940188174,-119.8083279178166624342539433
2026-08-05 13:50:10.303841+00:00,BTC/USD,buy,64169.81383625958916763442532,0.00038937,0.04997160082684879246840363236,-144.8440999320679074609241631
2026-08-05 13:50:10.558209+00:00,XRP/USD,buy,1.057743149393036108750553817,23.62290288,0.04997392738019404589069490193,-169.8810375495451244521623090
2026-08-05 13:50:59.648408+00:00,XRP/USD,sell,1.058154719606784797458381050,23.63675042,0.05002267802618130559234800643,-144.9197212144806529615806538
2026-08-05 13:51:16.829446+00:00,BTC/USD,sell,64175.49321158531221245736575,0.00038971,0.05001966291897382404463352001,-119.9599094179127147633085273
2026-08-05 13:51:46.622342+00:00,XRP/USD,buy,1.057848120439362143808323497,23.62055933,0.04997392858193387837036099462,-144.9968476374615878268593856
2026-08-05 13:52:56.771749+00:00,XRP/USD,sell,1.058134736315621431664272065,23.63719738,0.05002267923385319551521316139,-120.0355306997688432647680181
2026-08-05 13:52:59.724507+00:00,BTC/USD,sell,64214.11341463661662790662165,0.00038949,0.05002151006773363162080670013,-95.07479717596976108598547473
2026-08-05 13:53:27.297219+00:00,XRP/USD,sell,1.059231701781978319896766323,23.61330846,0.05002392980957717147350979708,-70.11285620099075252070408599
2026-08-05 13:53:28.207349+00:00,BTC/USD,sell,64269.64318138200972976858752,0.00038916,0.05002234868093324581287348702,-45.15170420920506286008021596
2026-08-05 13:54:10.308979+00:00,XRP/USD,buy,1.059109005857969510630080846,23.59302968,0.04997518041912473705766114580,-70.18926959918655612596845001
2026-08-05 13:54:25.460955+00:00,BTC/USD,buy,64246.68863520864788992578928,0.00038892,0.04997364428801069467469987595,-95.22606538747991415799308786
2026-08-05 13:57:13.371144+00:00,XRP/USD,sell,1.059641923822520945110735009,23.60416755,0.05002393102582224170355628491,-70.26412380559461554791850168
2026-08-05 13:57:14.121375+00:00,BTC/USD,sell,64290.05398500423308327991804,0.00038904,0.05002280520465209367743843864,-45.30274400847322080287672081
2026-08-05 13:58:40.617642+00:00,XRP/USD,sell,1.060443805185847861380240190,23.58690832,0.05002518162286106813568758804,-20.34017837866554780316861438
2026-08-05 13:59:48.633409+00:00,BTC/USD,sell,64345.48695329782057914548612,0.00038871,0.05002346846723279167463928380,4.621532386483615242476388246
2026-08-05 13:59:52.363154+00:00,XRP/USD,sell,1.060860522452583318812045893,23.57823258,0.05002643226665464302555741474,29.58472208754428211222953821
2026-08-05 14:00:18.752359+00:00,XRP/USD,buy,1.060766324404513685069946942,23.55734801,0.04997768292257136978800056261,4.545902943336025848441256347
2026-08-05 14:00:25.097969+00:00,BTC/USD,buy,64317.56352856599808064473149,0.00038850,0.04997474686169578050866095638,-20.49144523437356018639788279
2026-08-05 14:01:19.487788+00:00,BTC/USD,buy,64302.66254574283898373525883,0.00038858,0.04997345722404950474459969377,-45.52814730362236206344232936
2026-08-05 14:01:19.955359+00:00,XRP/USD,buy,1.060075118681167379309191341,23.57211890,0.04997643348096817731175531631,-70.56634047758741889663174283
2026-08-05 14:03:45.010971+00:00,XRP/USD,sell,1.060558914778478458163436780,23.58434943,0.05002518407447445400210825814,-45.60377362442466634957972202
2026-08-05 14:03:45.598460+00:00,BTC/USD,sell,64295.35953667306024245018037,0.00038901,0.05002307562672237432983108932,-20.64225888669020155899400844
2026-08-05 14:04:43.851952+00:00,BTC/USD,buy,64296.06758731342106530938202,0.00038862,0.04997347557156348338880106407,-45.67897014804350673678334154
2026-08-05 14:05:01.077180+00:00,XRP/USD,sell,1.061620975949539235662060965,23.56134432,0.05002643470336306575356688311,-20.71577923106533692575346686
2026-08-05 14:05:01.113068+00:00,BTC/USD,sell,64328.27603341977685834223090,0.00038881,0.05002295400910788688058408559,4.245674819479498627657991854
2026-08-05 14:05:58.218075+00:00,XRP/USD,buy,1.062930409917132612133626189,23.50938730,0.04997768535937926296822019486,-20.79314554556951211942032577
2026-08-05 14:06:26.640791+00:00,BTC/USD,buy,64391.81917007085506504213213,0.00038805,0.04997449085789199061597919876,-45.83036546537339941802590434
2026-08-05 14:06:27.792469+00:00,XRP/USD,buy,1.062409069941336851702553756,23.52033568,0.04997643590899368131999688771,-70.86855985577923375934434508
2026-08-05 14:07:01.125521+00:00,BTC/USD,sell,64392.50667416591307700846680,0.00038842,0.05002267488475904791474325735,-45.90724508828446884988745967
2026-08-05 14:07:02.636924+00:00,XRP/USD,sell,1.063050220741218432106022910,23.52907959,0.05002518650397439456519524874,-20.94467702280124596185503055
2026-08-05 14:07:52.613820+00:00,XRP/USD,buy,1.062763928553725048095414237,23.51248278,0.04997643713864922099639619809,-45.98287202926450568104952579
2026-08-05 14:12:12.636141+00:00,XRP/USD,sell,1.063340392728469488821105060,23.52265938,0.05002518772629443322852314416,-21.02030335384358350001647685
2026-08-05 14:12:14.080088+00:00,BTC/USD,sell,64447.04177449440609342546565,0.00038810,0.05002379382536255800971684644,3.941569765012332946832229524
2026-08-05 14:12:44.534970+00:00,BTC/USD,buy,64416.92044599759596210298577,0.00038790,0.04997464688200493494739949634,-21.09572832287213946181491816
2026-08-05 14:12:46.844344+00:00,XRP/USD,buy,1.062818928553308224141864081,23.51126660,0.04997643835348636393954384526,-46.13392393796880779552638464
2026-08-05 14:13:38.773007+00:00,XRP/USD,sell,1.063430463974100620695790043,23.52066761,0.05002518893896580069616072906,-21.17135465742487324814218084
2026-08-05 14:16:08.744388+00:00,BTC/USD,sell,64466.15248793393556375898647,0.00038799,0.05002444500758697531876569831,3.790843401361027435921902622
2026-08-05 14:16:29.514664+00:00,XRP/USD,buy,1.063228761276518730140580412,23.50220451,0.04997643957686942371321884379,-21.24735282665055384440073811
2026-08-05 14:19:55.673540+00:00,XRP/USD,buy,1.063312125975833063464403593,23.49977440,0.04997519015443291368694873373,-46.28492309402144360156205371
2026-08-05 14:20:49.013763+00:00,XRP/USD,buy,1.062271072174866636751255211,23.52221673,0.04997394077141337097701841635,-71.32186742049954246104828030
2026-08-05 14:21:09.661945+00:00,XRP/USD,sell,1.062867140713475711809967862,23.53195875,0.05002269142399991203887810313,-46.36054439992358635364810683
2026-08-05 14:21:52.204951+00:00,XRP/USD,buy,1.061951264852785277477770030,23.52930104,0.04997394200105991215250876589,-71.39748934245460234205499854
2026-08-05 14:22:01.643419+00:00,BTC/USD,buy,64419.92055986402017756147207,0.00038789,0.04997568597193130957334863879,-96.43530801439218843830266658
2026-08-05 14:23:22.433480+00:00,BTC/USD,buy,64337.05247825889203874293308,0.00038838,0.04997444888301237698001396071,-121.4725069047813893052896609
2026-08-05 14:24:38.565271+00:00,XRP/USD,sell,1.061576581138446429658341436,23.56056715,0.05002269264955958110528620992,-96.51118327265115833375184215
2026-08-05 14:25:39.679251+00:00,BTC/USD,sell,64346.49053552203262853998576,0.00038870,0.05002296174231482816542698492,-71.54972536323605907920377667
2026-08-05 14:26:01.462066+00:00,BTC/USD,buy,64320.96244248066601166219137,0.00038847,0.04997352856006092865110082295,-96.58646317182658433340528897
2026-08-05 14:26:16.361844+00:00,XRP/USD,buy,1.060841869212275825631464376,23.55390783,0.04997394321926171900292132692,-121.6234087246767055538688737
2026-08-05 14:26:38.225973+00:00,XRP/USD,sell,1.060941318790208193100916917,23.57467514,0.05002269386616467193064101111,-96.66208448546053426047900916
2026-08-05 14:26:38.564191+00:00,BTC/USD,sell,64307.17431843803812900728297,0.00038894,0.05002326475882658109979218526,-71.70047537080607029168270871
2026-08-05 14:27:43.124572+00:00,BTC/USD,sell,64344.39903813225329700818536,0.00038872,0.05002390958820553900322604362,-46.73854448629150632907291294
2026-08-05 14:27:57.126971+00:00,XRP/USD,sell,1.061823251773025326865536555,23.55568328,0.05002394443621016609412610847,-21.77659621262263344810398481
2026-08-05 14:28:33.838384+00:00,BTC/USD,buy,64337.26637185303974719940750,0.00038838,0.04997461502700056715403461177,-46.81387834114991759227532530
2026-08-05 14:29:50.820186+00:00,BTC/USD,buy,64307.37272638122758954879548,0.00038856,0.04997454549312537958439015996,-71.85112563320573276405479543
2026-08-05 14:29:52.295811+00:00,XRP/USD,buy,1.061488135084798706260964102,23.54015715,0.04997519502551318024299956774,-96.88869834098783606579757887
2026-08-05 14:30:50.782986+00:00,BTC/USD,buy,64265.88684091040820339950313,0.00038880,0.04997315360749193341896345365,-121.9252482983412947086982692
2026-08-05 14:32:07.208774+00:00,XRP/USD,buy,1.059632551470478130423236685,23.58079015,0.04997394566466883742734934991,-146.9621950763403822598002935
2026-08-05 14:32:09.011771+00:00,BTC/USD,sell,64302.67013840568252419964097,0.00038895,0.05002104710066578043557490070,-122.0016925731081578224484180
2026-08-05 14:32:44.799631+00:00,BTC/USD,sell,64358.85241408705511918121116,0.00038862,0.05002227445032502272083240455,-97.04057762239597148475304812
2026-08-05 14:32:53.921317+00:00,XRP/USD,sell,1.060336095861068412986507873,23.58813234,0.05002269630809961595863904469,-72.07925216465426312139216482
2026-08-05 14:33:14.531034+00:00,XRP/USD,sell,1.060732781470327051108655160,23.57990049,0.05002394686710245550579446570,-47.11730267797013782400072644
2026-08-05 14:33:15.226723+00:00,BTC/USD,sell,64379.42043461046827687926113,0.00038851,0.05002409726610102606050072350,-22.15527814218572581981086542
2026-08-05 14:34:18.908549+00:00,BTC/USD,buy,64374.95231244879614903607580,0.00038816,0.04997556297920024942641968637,-47.19303519476505078244712829
2026-08-05 14:34:23.264253+00:00,XRP/USD,buy,1.060708573778790119195948909,23.55745900,0.04997519747548464660512735878,-72.23060912998285873161593504
2026-08-05 14:34:41.660050+00:00,BTC/USD,buy,64325.16807606243152015197401,0.00038845,0.04997422307829290304800606860,-97.26769489220760315866697541
2026-08-05 14:34:41.987721+00:00,XRP/USD,buy,1.060132342635433655514145651,23.56967431,0.04997394808282899665216229718,-122.3046428817049304814002863
2026-08-05 14:35:14.156129+00:00,XRP/USD,sell,1.060166070352010186996335594,23.59191647,0.05002269875214553565641325906,-97.34331620438430818885007003
2026-08-05 14:35:17.744764+00:00,BTC/USD,sell,64331.29303453324137024841556,0.00038879,0.05002272683779235782467776296,-72.38197551232592163433586630
2026-08-05 14:36:05.703814+00:00,BTC/USD,buy,64326.11914120310107558477986,0.00038844,0.04997367543841786516360030377,-97.41878690697327208129961849
2026-08-05 14:36:05.924051+00:00,XRP/USD,buy,1.059692597736052337705227323,23.57945569,0.04997394930667648082488264789,-122.4557355096181889745658250
2026-08-05 14:37:02.163500+00:00,XRP/USD,sell,1.060091062131595467420381634,23.59358632,0.05002269996292456171980704362,-97.49440822811883267638211023
2026-08-05 14:37:02.200375+00:00,BTC/USD,sell,64319.18912732704536615413658,0.00038886,0.05002231976810478972216539512,-72.53327066383454260502157808
2026-08-05 14:37:13.252572+00:00,BTC/USD,buy,64301.48356756227500144799947,0.00038859,0.04997382699903804888562535621,-97.57015799035260509671988155
2026-08-05 14:37:13.325973+00:00,XRP/USD,buy,1.059997464678101156346617250,23.57267456,0.04997395053856394743463697398,-122.6071072101731427614730055
2026-08-05 14:40:10.674533+00:00,BTC/USD,sell,64317.69000622483205462267821,0.00038887,0.05002244022544130088216224174,-97.64590953767793362127404686
2026-08-05 14:40:49.102380+00:00,XRP/USD,buy,1.058911543476450826512174474,23.59625858,0.04997270118643449168607197681,-122.6822328320816139559961073
2026-08-05 14:42:49.421459+00:00,XRP/USD,sell,1.059719464154477050464771837,23.60127069,0.05002145185794312968682374087,-97.72152835496799224227106061
2026-08-05 14:42:53.896282+00:00,BTC/USD,sell,64276.87766221863644214950622,0.00038913,0.05002412280939827599746727470,-72.75949107307825251953489052
2026-08-05 14:44:02.404385+00:00,XRP/USD,sell,1.061026538322501717985158163,23.57278569,0.05002270239855781020544190395,-47.79816257619790522701938044
2026-08-05 14:44:03.327808+00:00,BTC/USD,sell,64347.31921737583698054998301,0.00038871,0.05002489290597232318541916778,-22.83574101611771595749521571
2026-08-05 14:45:01.810978+00:00,XRP/USD,sell,1.061438248423804610712124340,23.56423138,0.05002395296288090429346264904,2.126211512359855284942646161
2026-08-05 14:45:02.656566+00:00,BTC/USD,sell,64383.94638228402065374583557,0.00038850,0.05002632633903468404796051422,27.08934835553816262487494277
2026-08-05 14:46:05.275569+00:00,XRP/USD,sell,1.062065086822801946632518692,23.55091236,0.05002520356075919898955968968,52.05192493235700292066522792
2026-08-05 14:48:20.729422+00:00,BTC/USD,buy,64353.49160025093087634944795,0.00038831,0.04997820864658687793719050827,27.01284240041697707413278328
2026-08-05 14:49:40.779871+00:00,XRP/USD,sell,1.062246720457976943283828706,23.54747406,0.05002645419060856678410809534,51.97604304153065189940272285
2026-08-05 14:49:41.754344+00:00,BTC/USD,sell,64397.65516857383544185840801,0.00038842,0.05002667444115489832465328567,76.93935358766694616340471240
2026-08-05 14:50:02.861918+00:00,XRP/USD,sell,1.062863603543300391345239383,23.53439552,0.05002770485920100971217929702,101.9031783124082500097821816
2026-08-05 14:50:13.069420+00:00,BTC/USD,sell,64439.88758394592431512938244,0.00038817,0.05002726232692057888280754477,126.8667822135416188723031465
2026-08-05 14:51:21.869849+00:00,XRP/USD,buy,1.061637980102300784805360580,23.53860567,0.04997895555584672886652982079,101.8273254800624077101717063
2026-08-05 14:51:22.434899+00:00,BTC/USD,buy,64380.19301100359843890596265,0.00038815,0.04997834383444209346812269881,76.78817521900691888264223420
2026-08-05 14:53:42.721137+00:00,XRP/USD,buy,1.060746824837681664025234569,23.55779198,0.04997770608594320381313345089,51.74934446994937377226237530
2026-08-05 14:53:42.982611+00:00,BTC/USD,buy,64322.20871478689685458532299,0.00038849,0.04997706972721512311807570426,26.71083253661459709010644747
2026-08-05 14:54:04.982629+00:00,XRP/USD,sell,1.060866042010666664500753761,23.57812139,0.05002645663411267658085035185,51.67403439703682270395077304
2026-08-05 14:54:20.770195+00:00,BTC/USD,sell,64320.81775979695539507794621,0.00038888,0.05002615922085968002807582344,76.63708784824580303796060894
2026-08-05 14:55:00.759514+00:00,XRP/USD,sell,1.062058209241683429132910737,23.55224359,0.05002770730163863460920963233,101.6009137917634817079562155
2026-08-05 14:55:03.258533+00:00,BTC/USD,sell,64371.15272204143129181739350,0.00038859,0.05002797247251615957137464188,126.5648720555490453340721618
2026-08-05 14:56:10.023675+00:00,BTC/USD,buy,64342.21221069620899567189808,0.00038838,0.04997845675678038729947810357,101.5256652204020712970336319
2026-08-05 14:57:21.799256+00:00,XRP/USD,sell,1.063790748164287233124030729,23.51447316,0.05002895799113090282765136706,126.4901152579763918080316640
2026-08-05 14:57:24.685991+00:00,BTC/USD,sell,64417.37988266537033519864643,0.00038831,0.05002782556447557990972197281,151.4540002146497061829829284
2026-08-05 14:58:16.680721+00:00,XRP/USD,buy,1.064178603881265749672399120,23.48299831,0.04998020871296384608043566318,126.4139156494548192966846611
2026-08-05 15:01:09.857555+00:00,BTC/USD,buy,64421.08053772568588357903111,0.00038791,0.04997916270277834162219828391,101.3743551353628701439633208
2026-08-05 15:01:36.906646+00:00,XRP/USD,sell,1.064336089734140572721493575,23.50242545,0.05002895920544229826041441272,126.3388057788785769759101128
2026-08-05 15:02:51.962003+00:00,BTC/USD,sell,64486.81985791596185171723834,0.00038789,0.05002758510937404488532519917,151.3025707484562253736873872
2026-08-05 15:02:52.663256+00:00,XRP/USD,sell,1.065378311397964097944748502,23.48002085,0.05003020992952397933458827395,176.2676455032886910616469359
2026-08-05 15:04:36.420873+00:00,XRP/USD,buy,1.064750058833368402812189203,23.47098282,0.04998146067694395805027146494,151.2269337041397680784609319
2026-08-05 15:05:44.735952+00:00,XRP/USD,buy,1.064143669632575880009311649,23.48377037,0.04998021115668110847547869645,126.1868479146425327322461050
2026-08-05 15:05:45.499452+00:00,BTC/USD,buy,64501.54816364248107627408246,0.00038742,0.04997837957911674003714021005,101.1476797455050459736388598
2026-08-05 15:06:28.623411+00:00,XRP/USD,sell,1.064616303774259016430757803,23.49624060,0.05002896164032535587355287716,126.1121316040273985545417455
2026-08-05 15:08:10.290301+00:00,XRP/USD,buy,1.063573921160614912698327270,23.49635102,0.04998021237461522757561310581,101.0720452043451695391595795
2026-08-05 15:09:15.828575+00:00,BTC/USD,sell,64530.04535327232890388664886,0.00038763,0.05002756296057790570602716339,126.0357991216735444864671340
2026-08-05 15:09:57.891833+00:00,BTC/USD,sell,64578.48567364809856341069956,0.00038735,0.05002895285137518195707426894,151.0002465945097602830471942
2026-08-05 15:09:58.876156+00:00,XRP/USD,sell,1.065086601959773607429428600,23.48586621,0.05002896287138153349195324423,175.9646990673291454955318631
2026-08-05 15:10:26.313259+00:00,XRP/USD,buy,1.065333250613996154543360973,23.45754887,0.04998021357822754460238592512,150.9246120646371456497365146
2026-08-05 15:10:26.756745+00:00,BTC/USD,buy,64623.21628292684664884111547,0.00038670,0.04997959547321562319821371869,125.8848347325561184274314415
2026-08-05 15:10:50.540994+00:00,BTC/USD,sell,64662.13562931259259163359077,0.00038685,0.05002909433639915288814690916,150.8493528064192957186167492
2026-08-05 15:10:50.676055+00:00,XRP/USD,sell,1.065977143466495292264890935,23.46624615,0.05002896407771728561220824337,175.8138058812002212391086627
2026-08-05 15:11:36.084764+00:00,BTC/USD,buy,64640.01122204849544316423721,0.00038660,0.04997965667688789667665458820,150.7739978860793850041047140
2026-08-05 15:11:42.930580+00:00,XRP/USD,buy,1.065398250871287067448965885,23.45611829,0.04998021479679201003726030467,125.7339102728865879754373014
2026-08-05 15:13:01.686068+00:00,BTC/USD,buy,64618.60358370138758605862141,0.00038672,0.04997861275577800121456118014,100.6946252822418093669421501
2026-08-05 15:13:03.438382+00:00,XRP/USD,buy,1.064956790503032006424422400,23.46525500,0.04997896530627044860782141969,75.65516366380031461442361884
